"id","sequence","type","label"
"Q5R387","MKVIAILTLLLFCSPTHSSFWQFQRRVKHITGRSAFFSYYGYGCYCGLGDKGIPVDDTDRHSPSSPSPYEKLKEFSCQPVLNSYQFHIVNGAVVCGCTLGPGASCHCRLKACECDKQSVHCFKESLPTYEKNFKQFSSQPRCGRHKPWC","hNoPS","hNoPS"
"Q9H1E5","MAGGRCGPQLTALLAAWIAAVAATAGPEEAALPPEQSRVQPMTASNWTLVMEGEWMLKFYAPWCPSCQQTDSEWEAFAKNGEILQISVGKVDVIQEPGLSGRFFVTTLPAFFHAKDGIFRRYRGPGIFEDLQNYILEKKWQSVEPLTGWKSPASLTMSGMAGLFSISGKIWHLHNYFTVTLGIPAWCSYVFFVIATLVFGLFMGLVLVVISECFYVPLPRHLSERSEQNRRSEEAHRAEQLQDAEEEKDDSNEEENKDSLVDDEEEKEDLGDEDEAEEEEEEDNLAAGVDEERSEANDQGPPGEDGVTREEVEPEEAEEGISEQPCPADTEVVEDSLRQRKSQHADKGL","hNoPS","hNoPS"
"P15509","MLLLVTSLLLCELPHPAFLLIPEKSDLRTVAPASSLNVRFDSRTMNLSWDCQENTTFSKCFLTDKKNRVVEPRLSNNECSCTFREICLHEGVTFEVHVNTSQRGFQQKLLYPNSGREGTAAQNFSCFIYNADLMNCTWARGPTAPRDVQYFLYIRNSKRRREIRCPYYIQDSGTHVGCHLDNLSGLTSRNYFLVNGTSREIGIQFFDSLLDTKKIERFNPPSNVTVRCNTTHCLVRWKQPRTYQKLSYLDFQYQLDVHRKNTQPGTENLLINVSGDLENRYNFPSSEPRAKHSVKIRAADVRILNWSSWSEAIEFGSDDGNLGSVYIYVLLIVGTLVCGIVLGFLFKRFLRIQRLFPPVPQIKDKLNDNHEVEDEIIWEEFTPEEGKGYREEVLTVKEIT","hNoPS","hNoPS"
"Q5W0B7","MASGRLIKFVVFELLEFAAFSIPTLVITEQFATAYQGTRARSDNTHYWLIISCSIAYVALVTLLIWVPVKVILHKKRYIYRKIKGWRPVLMMCVVLTTLPCLTFSIAVTEVQKSINGSADVLPDMLPDLPVSLVLLSLIMVDIIEKLRIYPLRGSQKSSENGHIHSTSLQHIKTVTEQVRQSPENAASPQATNSTQVSQPSGAMTRSQESVFMGPQEPSCDSGILRMMSRRDVRAELFLWSFLLWSDTIEMVRVAGHPNVYKSSWLYPVYIFSFISLLRITFTPQNPLLNSLSVLLQDLPFVFVRLGLIIALGTITPVLGLCKNILVTLSYIYFNYLTRIRIFSAFEMSPF","hNoPS","hNoPS"
"Q8N3C7","MTIEDLPDFPLEGNPLFGRYPFIFSASDTPVIFSISAAPMPSDCEFSFFDPNDASCQEILFDPKTSVSELFAILRQWVPQVQQNIDIIGNEILKRGCNVNDRDGLTDMTLLHYTCKSGAHGIGDVETAVKFATQLIDLGADISLRSRWTNMNALHYAAYFDVPELIRVILKTSKPKDVDATCSDFNFGTALHIAAYNLCAGAVKCLLEQGANPAFRNDKGQIPADVVPDPVDMPLEMADAAATAKEIKQMLLDAVPLSCNISKAMLPNYDHVTGKAMLTSLGLKLGDRVVIAGQKVGTLRFCGTTEFASGQWAGIELDEPEGKNNGSVGKVQYFKCAPKYGIFAPLSKISKAKGRRKNITHTPSTKAAVPLIRSQKIDVAHVTSKVNTGLMTSKKDSASESTLSLPPGEELKTVTEKDVALLGSVSSCSSTSSLEHRQSYPKKQNAISSNKKTMSKSPSLSSRASAGLNSSATSTANNSRCEGELRLGERVLVVGQRLGTIRFFGTTNFAPGYWYGIELEKPHGKNDGSVGGVQYFSCSPRYGIFAPPSRVQRVTDSLDTLSEISSNKQNHSYPGFRRSFSTTSASSQKEINRRNAFSKSKAALRRSWSSTPTAGGIEGSVKLHEGSQVLLTSSNEMGTVRYVGPTDFASGIWLGLELRSAKGKNDGSVGDKRYFTCKPNHGVLVRPSRVTYRGINGSKLVDENC","hNoPS","hNoPS"
"Q8IXT1","MNRRRKFLLASVLALQNSSFIYPSCQKCFSRIILVSKRSNCPKCGSTGESGNANYRYKLSLKVAESNKLFVITVFGSCLDTFFGLTATGLHRYIQDPNKIPETLDNDTTQNLLTKAVETCFVGQSFIFGVTNFENQPGQGSDASNFLQQCSDHKRKAKALVACQIVLPDPGIAGFTVIDYFHQLLQTFNFRKLQCDSQAPNNHLLALDHSNSDLSSIYTSDSTSDFFKSCSKDTFSKFWQPSLEFTCIVSQLTDNDDFSASEQSKAFGTLQQNRKSISIAEATGSSSCHDPIQDSWSLVSYMDKKSTAEKLGKELGLQAKELSAVHSSHHEIGVNDSNLFSLEMREPLESSNTKSFHSAVEIKNRSQHELPCFQHHGIDTPTSLQKRSACCPPSLLRLEETASSSQDGDPQIWDDLPFSESLNKFLAVLESEIAVTQADVSSRKHHVDNDIDKFHADHSRLSVTPQRTTGALHTPPIALRSSQVIVKANCSKDDFLFNCKGNLSPSVEKESQPDNKVEAVSVNHNGRDMSEYFLPNPYLSALSSSSKDLETIVTLKKTIRISPHRESDHSSLNNKYLNGCGEISVSEMNEKLTTLCYRKYNDVSDLCKLENKQYCRWSKNQDDSFTICRKLTYPLETLCNSPNRSTNTLKEMPWGHINNNVTQSYSIGYEGSYDASADLFDDIAKEMDIATEITKKSQDILLKWGTSLAESHPSESDFSLRSLSEDFIQPSQKLSLQSLSDSRHSRTCSPTPHFQSDSEYNFENSQDFVPCSQSTPISGFHQTRIHGINRAFKKPVFYSDLDGNYEKIRIFPENDKQQASPSCPKNIKTPSQKIRSPIVSGVSQPDVFNHYPFAECHETDSDEWVPPTTQKIFPSDMLGFQGIGLGKCLAAYHFPDQQELPRKKLKHIRQGTNKGLIKKKLKNMLAAVVTKKKTHKYNCKSSGWISKCPDIQVLAAPQLHPILGPDSCSEVKCCLPFSEKGPPSVCETRSAWSPELFS","hNoPS","hNoPS"
"Q9Y6A9","MARGGDTGCTGPSETSASGAAAIALPGLEGPATDAQCQTLPLTVLKSRSPSPRSLPPALSCPPPQPAMLEHLSSLPTQMDYKGQKLAEQMFQGIILFSAIVGFIYGYVAEQFGWTVYIVMAGFAFSCLLTLPPWPIYRRHPLKWLPVQESSTDDKKPGERKIKRHAKNN","hNoPS","hNoPS"
"Q6NVV7","MASHVECRPLGVFECELCTLTAPYSYVGQKPPNTQSMVLLEESYVMKDPFTSDKDRFLVLGSCCSLCSRLVCVGPECSLFYSKRFCLPCVRENINAFPQEIRQDLEKRKAPSKRTPSQPGSRT","hNoPS","hNoPS"
"Q6ZVQ6","MHAGKRSPLTQSISCVCLPELGALWEIESARVNLRVSGREASREMESSPRPHRIAGVKRFLKHAGKWSLRWFLSPRWILQFRRWARKWSRFTRSSFQVRWAAVPAGKCSQHQGLSAVATASPGVFWEMEFDVSSPLTEGAGSPMSSKHAGE","hNoPS","hNoPS"
"Q8TF42","MAQYGHPSPLGMAAREELYSKVTPRRNRQQRPGTIKHGSALDVLLSMGFPRARAQKALASTGGRSVQAACDWLFSHVGDPFLDDPLPREYVLYLRPTGPLAQKLSDFWQQSKQICGKNKAHNIFPHITLCQFFMCEDSKVDALGEALQTTVSRWKCKFSAPLPLELYTSSNFIGLFVKEDSAEVLKKFAADFAAEAASKTEVHVEPHKKQLHVTLAYHFQASHLPTLEKLAQNIDVKLGCDWVATIFSRDIRFANHETLQVIYPYTPQNDDELELVPGDFIFMSPMEQTSTSEGWIYGTSLTTGCSGLLPENYITKADECSTWIFHGSYSILNTSSSNSLTFGDGVLERRPYEDQGLGETTPLTIICQPMQPLRVNSQPGPQKRCLFVCRHGERMDVVFGKYWLSQCFDAKGRYIRTNLNMPHSLPQRSGGFRDYEKDAPITVFGCMQARLVGEALLESNTIIDHVYCSPSLRCVQTAHNILKGLQQENHLKIRVEPGLFEWTKWVAGSTLPAWIPPSELAAANLSVDTTYRPHIPISKLVVSESYDTYISRSFQVTKEIISECKSKGNNILIVAHASSLEACTCQLQGLSPQNSKDFVQMVRKIPYLGFCSCEELGETGIWQLTDPPILPLTHGPTGGFNWRETLLQE","hNoPS","hNoPS"
"Q5TA89","MAPSTVAVELLSPKEKNRLRKPVVEKMRRDRINSSIEQLKLLLEQEFARHQPNSKLEKADILEMAVSYLKHSKAFVAAAGPKSLHQDYSEGYSWCLQEAVQFLTLHAASDTQMKLLYHFQRPPAAPAAPAKEPKAPGAAPPPALSAKATAAAAAAHQPACGLWRPW","hNoPS","hNoPS"
"Q8IZS7","MVSNFFHVIQVFEKSATLISKTEHIGFVIYSWRKSTTHLGSRRKFAISIYLSEVSLQKYDCPFSGTSFVVFSLFLICAMAGDVVYADIKTVRTSPLELAFPLQRSVSFNFSTVHKSCPAKDWKVHKGKCYWIAETKKSWNKSQNDCAINNSYLMVIQDITAMVRFNI","hNoPS","hNoPS"
"Q13625","MMPMFLTVYLSNNEQHFTEVPVTPETICRDVVDLCKEPGESDCHLAEVWCGSERPVADNERMFDVLQRFGSQRNEVRFFLRHERPPGRDIVSGPRSQDPSLKRNGVKVPGEYRRKENGVNSPRMDLTLAELQEMASRQQQQIEAQQQLLATKEQRLKFLKQQDQRQQQQVAEQEKLKRLKEIAENQEAKLKKVRALKGHVEQKRLSNGKLVEEIEQMNNLFQQKQRELVLAVSKVEELTRQLEMLKNGRIDSHHDNQSAVAELDRLYKELQLRNKLNQEQNAKLQQQRECLNKRNSEVAVMDKRVNELRDRLWKKKAALQQKENLPVSSDGNLPQQAASAPSRVAAVGPYIQSSTMPRMPSRPELLVKPALPDGSLVIQASEGPMKIQTLPNMRSGAASQTKGSKIHPVGPDWSPSNADLFPSQGSASVPQSTGNALDQVDDGEVPLREKEKKVRPFSMFDAVDQSNAPPSFGTLRKNQSSEDILRDAQVANKNVAKVPPPVPTKPKQINLPYFGQTNQPPSDIKPDGSSQQLSTVVPSMGTKPKPAGQQPRVLLSPSIPSVGQDQTLSPGSKQESPPAAAVRPFTPQPSKDTLLPPFRKPQTVAASSIYSMYTQQQAPGKNFQQAVQSALTKTHTRGPHFSSVYGKPVIAAAQNQQQHPENIYSNSQGKPGSPEPETEPVSSVQENHENERIPRPLSPTKLLPFLSNPYRNQSDADLEALRKKLSNAPRPLKKRSSITEPEGPNGPNIQKLLYQRTTIAAMETISVPSYPSKSASVTASSESPVEIQNPYLHVEPEKEVVSLVPESLSPEDVGNASTENSDMPAPSPGLDYEPEGVPDNSPNLQNNPEEPNPEAPHVLDVYLEEYPPYPPPPYPSGEPEGPGEDSVSMRPPEITGQVSLPPGKRTNLRKTGSERIAHGMRVKFNPLALLLDSSLEGEFDLVQRIIYEVDDPSLPNDEGITALHNAVCAGHTEIVKFLVQFGVNVNAADSDGWTPLHCAASCNNVQVCKFLVESGAAVFAMTYSDMQTAADKCEEMEEGYTQCSQFLYGVQEKMGIMNKGVIYALWDYEPQNDDELPMKEGDCMTIIHREDEDEIEWWWARLNDKEGYVPRNLLGLYPRIKPRQRSLA","hNoPS","hNoPS"
"Q96K21","MNYDSQQPPLPPLPYAGCRRASGFPALGRGGTVPVGVWGGAGQGREGRSWGEGPRGPGLGRRDLSSADPAVLGATMESRCYGCAVKFTLFKKEYGCKNCGRAFCSGCLSFSAAVPRTGNTQQKVCKQCHEVLTRGSSANASKWSPPQNYKKRVAALEAKQKPSTSQSQGLTRQDQMIAERLARLRQENKPKLVPSQAEIEARLAALKDERQGSIPSTQEMEARLAALQGRVLPSQTPQPAHHTPDTRTQAQQTQDLLTQLAAEVAIDESWKGGGPAASLQNDLNQGGPGSTNSKRQANWSLEEEKSRLLAEAALELREENTRQERILALAKRLAMLRGQDPERVTLQDYRLPDSDDDEDEETAIQRVLQQLTEEASLDEASGFNIPAEQASRPWTQPRGAEPEAQDVDPRPEAEEEELPWCCICNEDATLRCAGCDGDLFCARCFREGHDAFELKEHQTSAYSPPRAGQEH","hNoPS","hNoPS"
"Q8N393","MAEPPRLPLTFEDVAIYFSEQEWQDLEAWQKELYKHVMRSNYETLVSLDDGLPKPELISWIEHGGEPFRKWRESQKSGNIICSSVDMHFDPGFEEQLFWGSQQAMNSGKTKSHFQLDPESQCSFGSFVSFRPDQGITLGSPQRHDARAPPPLACGPSESTLKEGIPGPRNLDLPGLWDVPAWESTQHPWPVCGESCWENNHLVMHQRGHSKDRTRRAWEKFNKRAETQMPWSSPRVQRHFRCGVCGKSFRRKLCLLRHLAAHTGRGPFRNADGEMCFRHELTHPSHRLPQQGEKPAQCTPCGKRSLPVDSTQARRCQHSREGPASWREGRGASSSVHSGQKPGSRLPQEGNSHQEGDTEALQHGAEGPCSCSECGERSPMSARLASPCRAHTGEKPFQCAHCTKRFRLRRLLQVHQHAHGGERPFSCRKCGKGFAKQCKLTEHIRVHSGEKPFRCAKCGRNFRQRGQLLRHQRLHTDEKPFQCPECGLSFRLESMLRAHRLRHGGERPFSCSECGRGFTHQCKLREHLRVHSGERPFQCLKCDKRFRLKGILKAHQHTHSKERPFSCGECGKGFTRQSKLTEHLRVHSGERPFQCPECNRSFRLKGQLLSHQRLHTGERPFQCPECDKRYRVKADMKAHQLLHSGEMPFSCECGKGFVKHSKLIEHIRTHTGEKPFQCPKCDKSFRLKAQLLSHQGLHTGERPFHCPECDKNFRERGHMLRHQRIHRPERPFACGDCGKGFIYKSKLAEHIRVHTKSCPAPNELDIKKRLSQLFAMIEADWS","hNoPS","hNoPS"
"O94777","MATGTDQVVGLGLVAVSLIIFTYYTAWVILLPFIDSQHVIHKYFLPRAYAVAIPLAAGLLLLLFVGLFISYVMLKTKRVTKKAQ","hNoPS","hNoPS"
"P35225","MHPLLNPLLLALGLMALLLTTVIALTCLGGFASPGPVPPSTALRELIEELVNITQNQKAPLCNGSMVWSINLTAGMYCAALESLINVSGCSAIEKTQRMLSGFCPHKVSAGQFSSLHVRDTKIEVAQFVKDLLLHLKKLFREGRFN","hNoPS","hNoPS"
"Q9P2H5","MDKILEAVVTSSYPVSVKQGLVRRVLEAARQPLEREQCLALLALGARLYVGGAEELPRRVGCQLLHVAGRHHPDVFAEFFSARRVLRLLQGGAGPPGPRALACVQLGLQLLPEGPAADEVFALLRREVLRTVCERPGPAACAQVARLLARHPRCVPDGPHRLLFCQQLVRCLGRFRCPAEGEEGAVEFLEQAQQVSGLLAQLWRAQPAAILPCLKELFAVISCAEEEPPSSALASVVQHLPLELMDGVVRNLSNDDSVTDSQMLTAISRMIDWVSWPLGKNIDKWIIALLKGLAAVKKFSILIEVSLTKIEKVFSKLLYPIVRGAALSVLKYMLLTFQHSHEAFHLLLPHIPPMVASLVKEDSNSGTSCLEQLAELVHCMVFRFPGFPDLYEPVMEAIKDLHVPNEDRIKQLLGQDAWTSQKSELAGFYPRLMAKSDTGKIGLINLGNTCYVNSILQALFMASDFRHCVLRLTENNSQPLMTKLQWLFGFLEHSQRPAISPENFLSASWTPWFSPGTQQDCSEYLKYLLDRLHEEEKTGTRICQKLKQSSSPSPPEEPPAPSSTSVEKMFGGKIVTRICCLCCLNVSSREEAFTDLSLAFPPPERCRRRRLGSVMRPTEDITARELPPPTSAQGPGRVGPRRQRKHCITEDTPPTSLYIEGLDSKEAGGQSSQEERIEREEEGKEERTEKEEVGEEEESTRGEGEREKEEEVEEEEEKVEKETEKEAEQEKEEDSLGAGTHPDAAIPSGERTCGSEGSRSVLDLVNYFLSPEKLTAENRYYCESCASLQDAEKVVELSQGPCYLILTLLRFSFDLRTMRRRKILDDVSIPLLLRLPLAGGRGQAYDLCSVVVHSGVSSESGHYYCYAREGAARPAASLGTADRPEPENQWYLFNDTRVSFSSFESVSNVTSFFPKDTAYVLFYRQRPREGPEAELGSSRVRTEPTLHKDLMEAISKDNILYLQEQEKEARSRAAYISALPTSPHWGRGFDEDKDEDEGSPGGCNPAGGNGGDFHRLVF","hNoPS","hNoPS"
"Q8N8G6","MEVKFITGKHGGRRPQRAEPQRICRALWLTPWPSLILKLLSWIILSNLFLHLRATHHMTELPLRFLYIALSEMTFREQTSHQIIQQMSLSNKLEQNQLYGEVINKETDNPVISSGLTLLFAQKPQSPGWKNMSSTKRVCTILADSCRAQAHAADRGERGHFGVQILHHFIEVFNVMAVRSNPF","hNoPS","hNoPS"
"Q96RD6","MHHLLEQSADMATALLAGEKLRELILPGAQDDKAGALAALLLQLKLELPFDRVVTIGTVLVPILLVTLVFTKNFAEEPIYCYTPHNFTRDQALYARGYCWTELRDALPGVDASLWPSLFEHKFLPYALLAFAAIMYVPALGWEFLASTRLTSELNFLLQEIDNCYHRAAEGRAPKIEKQIQSKGPGITEREKREIIENAEKEKSPEQNLFEKYLERRGRSNFLAKLYLARHVLILLLSAVPISYLCTYYATQKQNEFTCALGASPDGAAGAGPAVRVSCKLPSVQLQRIIAGVDIVLLCVMNLIILVNLIHLFIFRKSNFIFDKLHKVGIKTRRQWRRSQFCDINILAMFCNENRDHIKSLNRLDFITNESDLMYDNVVRQLLAALAQSNHDATPTVRDSGVQTVDPSANPAEPDGAAEPPVVKRPRKKMKWIPTSNPLPQPFKEPLAIMRVENSKAEKPKPARRKTATDTLIAPLLDRSAHHYKGGGGDPGPGPAPAPAPPPAPDKKHARHFSLDVHPYILGTKKAKAEAVPAALPASRSQEGGFLSQAEDCGLGLAPAPIKDAPLPEKEIPYPTEPARAGLPSGGPFHVRSPPAAPAVAPLTPASLGKAEPLTILSRNATHPLLHINTLYEAREEEDGGPRLPQDVGDLIAIPAPQQILIATFDEPRTVVSTVEF","hNoPS","hNoPS"
"Q494R4","MPPKNKEKGKKSGAQKKKKNWGADVVAESRHRLVVLEKELLRDHLALRRDEARRAKASEDQLRQRLQGVEAELEGARSEGKAIYAEMSRQCHALQEDMQTRSKQLEEEVKGLRGQLEACQREAAAAREEAEQALGERDQALAQLRAHMADMEAKYEEILHDSLDRLLAKLRAIKQQWDGAALRLHARHKEQQRQFGLTPPGSLRPPAPSL","hNoPS","hNoPS"
"O95298","MIARRNPEPLRFLPDEARSLPPPKLTDPRLLYIGFLGYCSGLIDNLIRRRPIATAGLHRQLLYITAFFFAGYYLVKREDYLYAVRDREMFGYMKLHPEDFPEEDKKTYGEIFEKFHPIR","hNoPS","hNoPS"
"P56715","MSDTPSTGFSIIHPTSSEGQVPPPRHLSLTHPVVAKRISFYKSGDPQFGGVRVVVNPRSFKSFDALLDNLSRKVPLPFGVRNISTPRGRHSITRLEELEDGESYLCSHGRKVQPVDLDKARRRPRPWLSSRAISAHSPPHPVAVAAPGMPRPPRSLVVFRNGDPKTRRAVLLSRRVTQSFEAFLQHLTEVMQRPVVKLYATDGRRVPSLQAVILSSGAVVAAGREPFKPGNYDIQKYLLPARLPGISQRVYPKGNAKSESRKISTHMSSSSRSQIYSVSSEKTHNNDCYLDYSFVPEKYLALEKNDSQNLPIYPSEDDIEKSIIFNQDGTMTVEMKVRFRIKEEETIKWTTTVSKTGPSNNDEKSEMSFPGRTESRSSGLKLAACSFSADVSPMERSSNQEGSLAEEINIQMTDQVAETCSSASWENATVDTDIIQGTQDQAKHRFYRPPTPGLRRVRQKKSVIGSVTLVSETEVQEKMIGQFSYSEERESGENKSEYHMFTHSCSKMSSVSNKPVLVQINNNDQMEESSLERKKENSLLKSSAISAGVIEITSQKMLEMSHNNGLPSTISNNSIVEEDVVDCVVLDNKTGIKNFKTYGNTNDRFSPISADATHFSSNNSGTDKNISEAPASEASSTVTARIDRLINEFAQCGLTKLPKNEKKILSSVASKKKKKSRQQAINSRYQDGQLATKGILNKNERINTKGRITKEMIVQDSDSPLKGGILCEEDLQKSDTVIESNTFCSKSNLNSTISKNFHRNKLNTTQNSKVQGLLTKRKSRSLNKISLGAPKKREIGQRDKVFPHNESKYCKSTFENKSLFHVFNILEQKPKDFYAPQSQAEVASGYLRGMAKKSLVSKVTDSHITLKSQKKRKGDKVKASAILSKQHATTRANSLASLKKPDFPEAIAHHSIQNYIQSWLQNINPYPTLKPIKSAPVCRNETSVVNCSNNSFSGNDPHTNSGKISNFVMESNKHITKIAGLTGDNLCKEGDKSFIANDTGEEDLHETQVGSLNDAYLVPLHEHCTLSQSAINDHNTKSHIAAEKSGPEKKLVYQEINLARKRQSVEAAIQVDPIEEETPKDLLPVLMLHQLQASVPGIHKTQNGVVQMPGSLAGVPFHSAICNSSTNLLLAWLLVLNLKGSMNSFCQVDAHKATNKSSETLALLEILKHIAITEEADDLKAAVANLVESTTSHFGLSEKEQDMVPIDLSANCSTVNIQSVPKCSENERTQGISSLDGGCSASEACAPEVCVLEVTCSPCEMCTVNKAYSPKETCNPSDTFFPSDGYGVDQTSMNKACFLGEVCSLTDTVFSDKACAQKENHTYEGACPIDETYVPVNVCNTIDFLNSKENTYTDNLDSTEELERGDDIQKDLNILTDPEYKNGFNTLVSHQNVSNLSSCGLCLSEKEAELDKKHSSLDDFENCSLRKFQDENAYTSFDMEEPRTSEEPGSITNSMTSSERNISELESFEELENHDTDIFNTVVNGGEQATEELIQEEVEASKTLELIDISSKNIMEEKRMNGIIYEIISKRLATPPSLDFCYDSKQNSEKETNEGETKMVKMMVKTMETGSYSESSPDLKKCIKSPVTSDWSDYRPDSDSEQPYKTSSDDPNDSGELTQEKEYNIGFVKRAIEKLYGKADIIKPSFFPGSTRKSQVCPYNSVEFQCSRKASLYDSEGQSFGSSEQVSSSSSMLQEFQEERQDKCDVSAVRDNYCRGDIVEPGTKQNDDSRILTDIEEGVLIDKGKWLLKENHLLRMSSENPGMCGNADTTSVDTLLDNNSSEVPYSHFGNLAPGPTMDELSSSELEELTQPLELKCNYFNMPHGSDSEPFHEDLLDVRNETCAKERIANHHTEEKGSHQSERVCTSVTHSFISAGNKVYPVSDDAIKNQPLPGSNMIHGTLQEADSLDKLYALCGQHCPILTVIIQPMNEEDRGFAYRKESDIENFLGFYLWMKIHPYLLQTDKNVFREENNKASMRQNLIDNAIGDIFDQFYFSNTFDLMGKRRKQKRINFLGLEEEGNLKKFQPDLKERFCMNFLHTSLLVVGNVDSNTQDLSGQTNEIFKAVDENNNLLNNRFQGSRTNLNQVVRENINCHYFFEMLGQACLLDICQVETSLNISNRNILELCMFEGENLFIWEEEDILNLTDLESSREQEDL","hNoPS","hNoPS"
"Q8NCQ2","MGRAGPRSTADTRPRATVITTRRPRPWQKPTSPRRLHRRRPRGQPASENAAEPSQVAISKGKSPDYANGGKAAMDSRASDAINKSKVDTSASNPSQRRPSRLRGKRSLALPPRLECLFPSSCGSRRATSRPGFPPLEGSHLGCQLLPL","hNoPS","hNoPS"
"Q9UHB4","MPSPQLLVLFGSQTGTAQDVSERLGREARRRRLGCRVQALDSYPVVNLINEPLVIFVCATTGQGDPPDNMKNFWRFIFRKNLPSTALCQMDFAVLGLGDSSYAKFNFVAKKLHRRLLQLGGSALLPVCLGDDQHELGPDAAVDPWLRDLWDRVLGLYPPPPGLTEIPPGVPLPSKFTLLFLQEAPSTGSEGQRVAHPGSQEPPSESKPFLAPMISNQRVTGPSHFQDVRLIEFDILGSGISFAAGDVVLIQPSNSAAHVQRFCQVLGLDPDQLFMLQPREPDVSSPTRLPQPCSMRHLVSHYLDIASVPRRSFFELLACLSLHELEREKLLEFSSAQGQEELFEYCNRPRRTILEVLCDFPHTAAAIPPDYLLDLIPVIRPRAFSIASSLLTHPSRLQILVAVVQFQTRLKEPRRGLCSSWLASLDPGQGPVRVPLWVRPGSLAFPETPDTPVIMVGPGTGVAPFRAAIQERVAQGQTGNFLFFGCRWRDQDFYWEAEWQELEKRDCLTLIPAFSREQEQKVYVQHRLRELGSLVWELLDRQGAYFYLAGNAKSMPADVSEALMSIFQEEGGLCSPDAAAYLARLQQTRRFQTETWA","hNoPS","hNoPS"
"Q9C0B2","MEDDGSLLPEDELLADALLLEDERDELEDPEFDIKCLLQEAEDDVDPGHSSSVKELDTDADKLKKKTAEDRTQAFHLRQNLSALDKMHEEQELFTEKMRGELRACRQRRDLIDKQQEAVAAEIATEEEAGNMAAVGRLQAVSRRLFAELENERDLQSRTEAVLKESENTMWHIEIQEGRLEAFRTADREEVEATGRRLQVRAAEQLCREQEALGKVERNRLLRIRKSLNTQKELGLRHQKLLEDARKNHKVAVRFLKASLGRIREQEKKEEMECHEYMRRRMDAVVALKGSISANRDTLRKFQAWDRAKAELAEQRVQAEKKAILAQGRDAFRHLVHQRRRQELEAQKRAFEEEQKLRKQEIISRILKEEAEEEKRKKQHPPTSARHRLTLRDKTWNYISDFCKKTTVPTNTYTLDYEAAAGPGPSRLLEVVSSELIQGDPGASSEEETLAEPEISGLWNEDYKPYQVPKEDVDRKPVGGTKMDKDILERTVERLRSRVVHKQVVWGREFQGRPFNSKPELLHFQDFDIGKVYKKKITLVNTTYTINYCKLVGVEEHLRDFIHVDFDPPGPLSAGMSCEVLVTFKPMINKDLEGNISFLAQTGEFSVPLKCSTKKCSLSLDKELIDFGSYVVGETTSRTITLTNVGGLGTTFKFLPASEPCEMDDSQSALKLSSLLTYEDKSLYDKAATSFSEQQLEGTESSQADMQSRKELEKLDKEQEEEQPAEPERLTTVIPPSEEQTEITLGEVTEGEIGPFSSIKVPIVFTPVVPGDVQARFKVTFKNPQCPTLHFRVVGVAIDVPVWVPKPSVDLKICMYDRLYQDSVLVHTRSKAALRLKFEVCKELRAHLELLPKTGYIQAQSSYSVQLKFLPRHSLPEDAGRYFDKETRVLEAPMTIWVADQNKPVGFTVHAIVTTSDLELSPSEVDFGYCTIYEAIRTEISLHNHSLLPQEFGFVRLPKFVDVQPNDGFGTILPLETLQFCVIFQPTKAEEHRFQLTCKSEINRCFKLSCRAVGVHPPLELSHYQIKFAATALYDTSVATVYVINSHLSMSSPTHSKPRIGSEDASPMGPTSFEFLLPPDSPITISPSVGTVWPGKRCLVQVAFRPVLPEKLIRQEALPLLNKEMETKSFRKNMAPQRKDLHGLSFSVLRAQNRDKLFKVSVPHVLEMRKRELRPSSDEYQAARATLLRAFQAKFDTFVVPCVVASGDIKDRKGSEPLSFSPHNTLYLELWCPTVAPSVVVTSHKGKTIFNFGDVAVGHRSIKKISIQNVSPEDLALDFSLLNPNGPFVLLNHSSLLRAGGTQVLVLSFSPHESILAQETLDIITKRGTLTLTLMGTGVASMITCSIEGSVLNMGYVIAGESVSSGFKLQNNSLLPIKFSMHLDSLSSTRGRGQQQLPQFLSSPSQRTEVVGTQNLNGQSVFSVAPVKGVMDPGKTQDFTVTFSPDHESLYFSDKLQVVLFEKKISHQILLKGAACQHMMFVEGGDPLDVPVESLTAIPVFDPRHREEAEELRPILVTLDYIQFDTDTPAPPATRELQVGCIRTTQPSPKKPDHPLMVSALLQLRGDVKETYKVIFVAQVLTGP","hNoPS","hNoPS"
"Q9Y2L8","MIMTESREVIDLDPPAETSQEQEDLFIVKVEEEDCTWMQEYNPPTFETFYQRFRHFQYHEASGPREALSQLRVLCCEWLRPELHTKEQILELLVLEQFLTILPEEFQPWVREHHPESGEEAVAVIENIQRELEERRQQIVACPDVLPRKMATPGAVQESCSPHPLTVDTQPEQAPQKPRLLEENALPVLQVPSLPLKDSQELTASLLSTGSQKLVKIEEVADVAVSFILEEWGHLDQSQKSLYRDDRKENYGSITSMGYESRDNMELIVKQISDDSESHWVAPEHTERSVPQDPDFAEVSDLKGMVQRWQVNPTVGKSRQNPSQKRDLDAITDISPKQSTHGERGHRCSDCGKFFLQASNFIQHRRIHTGEKPFKCGECGKSYNQRVHLTQHQRVHTGEKPYKCQVCGKAFRVSSHLVQHHSVHSGERPYGCNECGKNFGRHSHLIEHLKRHFREKSQRCSDKRSKNTKLSVKKKISEYSEADMELSGKTQRNVSQVQDFGEGCEFQGKLDRKQGIPMKEILGQPSSKRMNYSEVPYVHKKSSTGERPHKCNECGKSFIQSAHLIQHQRIHTGEKPFRCEECGKSYNQRVHLTQHQRVHTGEKPYTCPLCGKAFRVRSHLVQHQSVHSGERPFKCNECGKGFGRRSHLAGHLRLHSREKSHQCRECGEIFFQYVSLIEHQVLHMGQKNEKNGICEEAYSWNLTVIEDKKIELQEQPYQCDICGKAFGYSSDLIQHYRTHTAEKPYQCDICRENVGQCSHTKQHQKIYSSTKSHQCHECGRGFTLKSHLNQHQRIHTGEKPFQCKECGMNFSWSCSLFKHLRSHERTDPINTLSVEGSLL","hNoPS","hNoPS"
"Q2LD37","MDQRKNESIVPSITQLEDFLTEHNSNVVWLLVATILSCGWIIYLTYYNSRNVGLILTLVLNRLYKHGYIHIGSFSFSVLSGKVMVREIYYITEDMSIRIQDGFIIFRWWKMYNPKQKQHDPKAETRLYITVNDFEFHVYNRSDLYGRLQELFGLEPTIIPPKKDDDKTREIGRTRTQSKIERVKVKTESQDPTSSWRSLIPVIKVNVSTGRLAFGNHYQPQTLCINFDDAFLTYTTKPPSSHLDQFMHIVKGKLENVRVMLVPSPRYVGLQNDEPPRLMGEGFVVMQSNDVDIYYYMDEPGLVPEETEENIEGEMSSEDCKLQDLPPCWGLDIVCGKGTDFNYGPWADRQRDCLWKFFFPPDYQVLKVSEIAQPGRPRQILAFELRMNIIADATIDLLFTKNRETNAVHVNVGAGSYLEINIPMTVEENGYTPAIKGQLLHVDATTSMQYRTLLEAEMLAFHINASYPRIWNMPQTWQCELEVYKATYHFIFAQKNFFTDLIQDWSSDSPPDIFSFVPYTWNFKIMFHQFEMIWAANQHNWIDCSTKQQENVYLAACGETLNIDFSLPFTDFVPATCNTKFSLRGEDVDLHLFLPDCHPSKYSLFMLVKNCHPNKMIHDTGIPAECQSGQKTVKPKWRNVTQEKSGWVECWTVPSVMLTIDYTWHPIYPQKADEQLKQSLSEMEETMLSVLRPSQKTSDRVVSSPSTSSRPPIDPSELPPDKLHVEMELSPDSQITLYGPLLNAFLCIKENYFGEDDMYMDFEEVISSPVLSLSTSSSSGWTAVGMENDKKENEGSAKSIHPLALRPWDITVLVNLYKVHGRLPVHGTTDGPECPTAFLERLCFEMKKGFRETMLQLILSPLNVFVSDNYQQRPPVDEVLREGHINLSGLQLRAHAMFSAEGLPLGSDSLEYAWLIDVQAGSLTAKVTAPQLACLLEWGQTFVFHVVCREYELERPKSVIICQHGIDRRFCESKLSCIPGPCPTSDDLKYTMIRLAVDGADIYIVEHGCATNIKMGAIRVANCNLHNQSVGEGISAAIQDFQVRQYIEQLNNCRIGLQPAVLRRAYWLEAGSANLGLITVDIALAADHHSKHEAQRHFLETHDARTKRLWFLWPDDILKNKRCRNKCGCLGGCRFFGGTVTGLDFFKLEELTPSSSSAFSSTSAESDMYYGQSLLQPGEWIITKEIPKIIDGNVNGMKRKEWENKSVGIEVERKTQHLSLQVPLRSHSSSSSSEENSSSSAAQPLLAGEKESPSSVADDHLVQKEFLHGTKRDDGQASIPTEISGNSPVSPNTQDKSVGQSPLRSPLKRQASVCSTRLGSTKSLTAAFYGDKQPVTVGVQFSSDVSRSDENVLDSPKQRRSFGSFPYTPSADSNSFHQYRSMDSSMSMADSEAYFSAAEEFEPISSDEGPGTYPGRKKKKKQTQQIDYSRGSIYHSVEGPLTGHGESIQDSRTLPFKTHPSQASFVSALGGEDDVIEHLYIVEGEKTVESEQITPQQPVMNCYQTYLTQFQVINWSVKHPTNKRTSKSSLHRPLDLDTPTSEESSSSFEQLSVPTFKVIKQGLTANSLLDRGMQLSGSTSNTPYTPLEKKLADNTDDETLTEEWTLDQPVSQTRTTAIVEVKGTVDIVLTPLVAEALDRYIEAMVHCASTRHPAAIVDDLHAKVLREAVQNSKTTFSENLSSKQDIRGTKTEQSTIGTTNQGQAQTNLTMKQDNVTIKGLQTNVSIPKVNLCLLQASVEESPTTAPSRSVTHVSLVALCFDRIATQVRMNRGVVEETSNNAEPGRTSNFDRYVHATKMQPQSSGSLRSNAGAEKGKEIAAKLNIHRVHGQLRGLDTTDIGTCAITAIPFEKSKVLFTLEELDEFTFVDETDQQAVPDVTRIGPSQEKWGWIMFECGLENLTIKGGRQSGAVLYNSFGIMGKASDTERGGVLTSNNSSDSPTGSGYNTDVSDDNLPCDRTSPSSDLNGNSVSDEQDEGVESDDLKKDLPLMPPPPDSCSMKLTIKEIWFSFAAPTNVRSHTHAFSRQLNLLSTATPAVGAWLVPIDQLKSSLNKLETEGTLRICAVMGCIMTEALENKSVHFPLRSKYNRLTKVARFLQENPSCLLCNILHHYLHQANYSIIDDATMSDGLPALVTLKKGLVALARQWMKFIVVTPAFKGVSLHRPAQPLKPQIAMDHEHEDGLGLDNGGGLQSDTSADGAEFEFDAATVSEHTMLLEGTANRPPPGSSGPVTGAEIMRKLSKTHTHSDSALKIKGIHPYHSLSYTSGDTATDSPVHVGRAGMPVKDSPRKESLLSYLTGSFPSLHNLLEGTPQRSSAAVKSSSLTRTGNTVATDMLSEHPLLSEPSSVSFYNWMSNAVGNRGSVLQESPVTKSGHNSLPTGVAPNLPTIPSASDFNTVLSSDQNTLDGTHSQHSTSQDDVAGVEEANQGFPAVQLADAQVVFKPLLSHTGIQSQDTMPFCYRMYFGEHLSFSGTLDCLRADIVDSDTAKERKGKRARRQGHVNLPPLEFKPALMLGTFSISAVVMEKSVCTPQNSTSALSFHDLSKRYYNTFHCNFTISCQSISQHVDMALVRLIHQFSTMIDDIKATQTDIKLSRYTAGSASPTPTFKTRKHRDFRSSDFSRSSRGSLNGGNRVNNAKNKRTNNENNKKESRNKNSLGRSERRTSKVSRKGSKDVVDHMTIHMDDSDSITVSEQSEPSAECWQNMYKLLNFYSLISDPTGILEKSSETFGPAGVRSPTEPTCKVVFENEQDNSSLTKTQRKRSLVTSEPQHVTLIVFGIGMVNRTHLEADIGGLTMESELKRIHGSFTLKEKMKDVLHQKMTETCATAHIGGVNIVLLEGITPNIQLEDFPTSPTSTAKQEFLTVVKCSIAKSQALYSAQRGLKTNNAAVFKVGAISINIPQHPATLHSMMVRSSHQLSKQISDLIRQPSTAPQPVKEDIATPLPSEKTPTSVNQTPVETNEFPQLPEGLEKKPIVLKFSAMLDGIAIGAALLPSLKAEYKMGRMRSHGMTGAQTRFTFELPNHRLRFTSKVSATDMSTIPPSASLNLPPVTMSGKYIMEEHDSYSDQVWSIDELPSKQGYYLQGNYLRCVAEVGSFEHNLTTDLLNHLVFVQKVFMKEVNEVIQKVSGGEQPIPLWNEHDGTADGDKPKILLYSLNLQFKGIQVTATTPSMRAVRFETGLIELELSNRLQTKASPGSSSYLKLFGKCQVDLNLALGQIVKHQVYEEAGSDFHQVAYFKTRIGLRNALREEISGSSDREAVLITLNRPIVYAQPVAFDRAVLFWLNYKAAYDNWNEQRMALHKDIHMATKEVVDMLPGIQQTSAQAFGTLFLQLTVNDLGICLPITNTAQSNHTGDLDTGSALVLTIESTLITACSSESLVSKGHFKNFCIRFADGFETSWDDWKPEIHGDLVMNACVVPDGTYEVCSRTTGQAAAESSSAGTWTLNVLWKMCGIDVHMDPNIGKRLNALGNTLTTLTGEEDIDDIADLNSVNIADLSDEDEVDTMSPTIHTEATDYRRQAASASQPGELRGRKIMKRIVDIRELNEQAKVIDDLKKLGASEGTINQEIQRYQQLESVAVNDIRRDVRKKLRRSSMRAASLKDKWGLSYKPSYSRSKSISASGRPPLKRMERASSRVGETEELPEIRVDAASPGPRVTFNIQDTFPEETELDLLSVTIEGPSHYSSNSEGSCSVFSSPKTPGGFSPGIPFQTEEGRRDDSLSSTSEDSEKDEKDEDHERERFYIYRKPSHTSRKKATGFAAVHQLFTERWPTTPVNRSLSGTATERNIDFELDIRVEIDSGKCVLHPTTLLQEHDDISLRRSYDRSSRSLDQDSPSKKKKFQTNYASTTHLMTGKKVPSSLQTKPSDLETTVFYIPGVDVKLHYNSKTLKTESPNASRGSSLPRTLSKESKLYGMKDSATSPPSPPLPSTVQSKTNTLLPPQPPPIPAAKGKGSGGVKTAKLYAWVALQSLPEEMVISPCLLDFLEKALETIPITPVERNYTAVSSQDEDMGHFEIPDPMEESTTSLVSSSTSAYSSFPVDVVVYVRVQPSQIKFSCLPVSRVECMLKLPSLDLVFSSNRGELETLGTTYPAETLSPGGNATQSGTKTSASKTGIPGSSGLGSPLGRSRHSSSQSDLTSSSSSSSGLSFTACMSDFSLYVFHPYGAGKQKTAVSGLTPGSGGLGNVDEEPTSVTGRKDSLSINLEFVKVSLSRIRRSGGASFFESQSVSKSASKMDTTLINISAVCDIGSASFKYDMRRLSEILAFPRAWYRRSIARRLFLGDQTINLPTSGPGTPDSIEGVSQHLSPESSRKAYCKTWEQPSQSASFTHMPQSPNVFNEHMTNSTMSPGTVGQSLKSPASIRSRSVSDSSVPRRDSLSKTSTPFNKSNKAASQQGTPWETLVVFAINLKQLNVQMNMSNVMGNTTWTTSGLKSQGRLSVGSNRDREISMSVGLGRSQLDSKGGVVGGTIDVNALEMVAHISEHPNQQPSHKIQITMGSTEARVDYMGSSILMGIFSNADLKLQDEWKVNLYNTLDSSITDKSEIFVHGDLKWDIFQVMISRSTTPDLIKIGMKLQEFFTQQFDTSKRALSTWGPVPYLPPKTMTSNLEKSSQEQLLDAAHHRHWPGVLKVVSGCHISLFQIPLPEDGMQFGGSMSLHGNHMTLACFHGPNFRSKSWALFHLEEPNIAFWTEAQKIWEDGSSDHSTYIVQTLDFHLGHNTMVTKPCGALESPMATITKITRRRHENPPHGVASVKEWFNYVTATRNEELNLLRNVDANNTENSTTVKNSSLLSGFRGGSSYNHETETIFALPRMQLDFKSIHVQEPQEPSLQDASLKPKVECSVVTEFTDHICVTMDAELIMFLHDLVSAYLKEKEKAIFPPRILSTRPGQKSPIIIHDDNSSDKDREDSITYTTVDWRDFMCNTWHLEPTLRLISWTGRKIDPVGVDYILQKLGFHHARTTIPKWLQRGVMDPLDKVLSVLIKKLGTALQDEKEKKGKDKEEH","hNoPS","hNoPS"
"P19419","MDPSVTLWQFLLQLLREQGNGHIISWTSRDGGEFKLVDAEEVARLWGLRKNKTNMNYDKLSRALRYYYDKNIIRKVSGQKFVYKFVSYPEVAGCSTEDCPPQPEVSVTSTMPNVAPAAIHAAPGDTVSGKPGTPKGAGMAGPGGLARSSRNEYMRSGLYSTFTIQSLQPQPPPHPRPAVVLPSAAPAGAAAPPSGSRSTSPSPLEACLEAEEAGLPLQVILTPPEAPNLKSEELNVEPGLGRALPPEVKVEGPKEELEVAGERGFVPETTKAEPEVPPQEGVPARLPAVVMDTAGQAGGHAASSPEISQPQKGRKPRDLELPLSPSLLGGPGPERTPGSGSGSGLQAPGPALTPSLLPTHTLTPVLLTPSSLPPSIHFWSTLSPIAPRSPAKLSFQFPSSGSAQVHIPSISVDGLSTPVVLSPGPQKP","hNoPS","hNoPS"
"Q9H8V3","MAENSVLTSTTGRTSLADSSIFDSKVTEISKENLLIGSTSYVEEEMPQIETRVILVQEAGKQEELIKALKTIKIMEVPVIKIKESCPGKSDEKLIKSVINMDIKVGFVKMESVEEFEGLDSPEFENVFVVTDFQDSVFNDLYKADCRVIGPPVVLNCSQKGEPLPFSCRPLYCTSMMNLVLCFTGFRKKEELVRLVTLVHHMGGVIRKDFNSKVTHLVANCTQGEKFRVAVSLGTPIMKPEWIYKAWERRNEQDFYAAVDDFRNEFKVPPFQDCILSFLGFSDEEKTNMEEMTEMQGGKYLPLGDERCTHLVVEENIVKDLPFEPSKKLYVVKQEWFWGSIQMDARAGETMYLYEKANTPELKKSVSMLSLNTPNSNRKRRRLKETLAQLSRETDVSPFPPRKRPSAEHSLSIGSLLDISNTPESSINYGDTPKSCTKSSKSSTPVPSKQSARWQVAKELYQTESNYVNILATIIQLFQVPLEEEGQRGGPILAPEEIKTIFGSIPDIFDVHTKIKDDLEDLIVNWDESKSIGDIFLKYSKDLVKTYPPFVNFFEMSKETIIKCEKQKPRFHAFLKINQAKPECGRQSLVELLIRPVQRLPSVALLLNDLKKHTADENPDKSTLEKAIGSLKEVMTHINEDKRKTEAQKQIFDVVYEVDGCPANLLSSHRSLVQRVETISLGEHPCDRGEQVTLFLFNDCLEIARKRHKVIGTFRSPHGQTRPPASLKHIHLMPLSQIKKVLDIRETEDCHNAFALLVRPPTEQANVLLSFQMTSDELPKENWLKMLCRHVANTICKADAENLIYTADPESFEVNTKDMDSTLSRASRAIKKTSKKVTRAFSFSKTPKRALRRALMTSHGSVEGRSPSSNDKHVMSRLSSTSSLAGIPSPSLVSLPSFFERRSHTLSRSTTHLI","hNoPS","hNoPS"
"A6NK89","MDPSEKKISVWICQEEKLVSGLSRRTTCSDVVRVLLEDGCRRRRRQRRSRRLGSAGDPHGPGELPEPPNEDDEDDDEALPQGMLCGPPQCYCIVEKWRGFERILPNKTRILRLWAAWGEEQENVRFVLVRSEASLPNAGPRSAEARVVLSRERPCPARGAPARPSLAMTQEKQRRVVRKAFRKLAKLNRRRQQQTPSSCSSTSSSTASSCSSSPRTHESASVERMETLVHLVLSQDHTIRQQVQRLHELDREIDHYEAKVHLDRMRRHGVNYVQDTYLVGAGIELDGSRPGEEPEEVAAEAEEAAAAPPLAGEAQAAALEELARRCDDLLRLQEQRVQQEELLERLSAEIQEELNQRWMRRRQEELAAREEPLEPDGGPDGELLLEQERVRTQLSTSLYIGLRLNTDLEAVKSDLDYSQQQWDSKKRELQGLLQTLHTLELTVAPDGAPGSGSPSREPGPQACADMWVDQARGLAKSGPGNDEDSDTGLSSMHSQDSDSLPMCESLV","hNoPS","hNoPS"
"Q8WU17","MAAVGPPQQQVRMAHQQVWAALEVALRVPCLYIIDAIFNSYPDSSQSRFCIVLQIFLRLFGVFASSIVLILSQRSLFKFYTYSSAFLLAATSVLVNYYASLHIDFYGAYNTSAFGIELLPRKGPSLWMALIVLQLTFGIGYVTLLQIHSIYSQLIILDLLVPVIGLITELPLHIRETLLFTSSLILTLNTVFVLAVKLKWFYYSTRYVYLLVRHMYRIYGLQLLMEDTWKRIRFPDILRVFWLTRVTAQATVLMYILRMANETDSFFISWDDFWDLICNLIISGCDSTLTVLGMSAVISSVAHYLGLGILAFIGSTEEDDRRLGFVAPVLFFILALQTGLSGLRPEERLIRLSRNMCLLLTAVLHFIHGMTDPVLMSLSASHVSSFRRHFPVLFVSACLFILPVLLSYVLWHHYALNTWLFAVTAFCVELCLKVIVSLTVYTLFMIDGYYNVLWEKLDDYVYYVRSTGSIIEFIFGVVMFGNGAYTMMFESGSKIRAFMMCLHAYFNIYLQAKNGWKTFMNRRTAVKKINSLPEIKGSRLQEINDVCAICYHEFTTSARITPCNHYFHALCLRKWLYIQDTCPMCHQKVYIEDDIKDNSNVSNNNGFIPPNETPEEAVREAAAESDRELNEDDSTDCDDDVQRERNGVIQHTGAAAEEFNDDTD","hNoPS","hNoPS"
"Q9UBD0","MEDKRSLSMARCEERNSRGQDHGLERVPFPPQLQSETYLHPADPSPAWDDPGSTGSPNLRLLTEEIAFQPLAEEASFRRPHPDGDVPPQGEDNLLSLPFPQKLWRLVSSNQFSSIWWDDSGACRVINQKLFEKEILKRDVAHKVFATTSIKSFFRQLNLYGFRKRRQCTFRTFTRIFSAKRLVSILNKLEFYCHPYFQRDSPHLLVRMKRRVGVKSAPRHQEEDKPEAAGSCLAPADTEQQDHTSPNENDQVTPQHREPAGPNTQIRSGSAPPATPVMVPDSAVASDNSPVTQPAGEWSEGSQAHVTPVAAVPGPAALPFLYVPGSPTQMNSYGPVVALPTASRSTLAMDTTGLPAPGMLPFCHLWVPVTLVAAGAAQPAASMVMFPHLPALHHHCPHSHRTSQYMPASDGPQAYPDYADQST","hNoPS","hNoPS"
"Q8NFU3","MAGAPTVSLPELRSLLASGRARLFDVRSREEAAAGTIPGALNIPVSELESALQMEPAAFQALYSAEKPKLEDEHLVFFCQMGKRGLQATQLARSLGYTGARNYAGAYREWLEKES","hNoPS","hNoPS"
"Q13443","MGSGARFPSGTLRVRWLLLLGLVGPVLGAARPGFQQTSHLSSYEIITPWRLTRERREAPRPYSKQVSYVIQAEGKEHIIHLERNKDLLPEDFVVYTYNKEGTLITDHPNIQNHCHYRGYVEGVHNSSIALSDCFGLRGLLHLENASYGIEPLQNSSHFEHIIYRMDDVYKEPLKCGVSNKDIEKETAKDEEEEPPSMTQLLRRRRAVLPQTRYVELFIVVDKERYDMMGRNQTAVREEMILLANYLDSMYIMLNIRIVLVGLEIWTNGNLINIVGGAGDVLGNFVQWREKFLITRRRHDSAQLVLKKGFGGTAGMAFVGTVCSRSHAGGINVFGQITVETFASIVAHELGHNLGMNHDDGRDCSCGAKSCIMNSGASGSRNFSSCSAEDFEKLTLNKGGNCLLNIPKPDEAYSAPSCGNKLVDAGEECDCGTPKECELDPCCEGSTCKLKSFAECAYGDCCKDCRFLPGGTLCRGKTSECDVPEYCNGSSQFCQPDVFIQNGYPCQNNKAYCYNGMCQYYDAQCQVIFGSKAKAAPKDCFIEVNSKGDRFGNCGFSGNEYKKCATGNALCGKLQCENVQEIPVFGIVPAIIQTPSRGTKCWGVDFQLGSDVPDPGMVNEGTKCGAGKICRNFQCVDASVLNYDCDVQKKCHGHGVCNSNKNCHCENGWAPPNCETKGYGGSVDSGPTYNEMNTALRDGLLVFFFLIVPLIVCAIFIFIKRDQLWRSYFRKKRSQTYESDGKNQANPSRQPGSVPRHVSPVTPPREVPIYANRFAVPTYAAKQPQQFPSRPPPPQPKVSSQGNLIPARPAPAPPLYSSLT","hNoPS","hNoPS"
"Q8IUX1","MVVFGYEAGTKPRDSGVVPVGTEEAPKVFKMAASMHGQPSPSLEDAKLRRPMVIEIIEKNFDYLRKEMTQNIYQMATFGTTAGFSGIFSNFLFRRCFKVKHDALKTYASLATLPFLSTVVTDKLFVIDALYSDNISKENCVFRSSLIGIVCGVFYPSSLAFTKNGRLATKYHTVPLPPKGRVLIHWMTLCQTQMKLMAIPLVFQIMFGILNGLYHYAVFEETLEKTIHEE","hNoPS","hNoPS"
"Q8N4P6","MSSEQSAPGASPRAPRPGTQKSSGAVTKKGERAAKEKPATVLPPVGEEEPKSPEEYQCSGVLETDFAELCTRWGYTDFPKVVNRPRPHPPFVPSASLSEKATLDDPRLSGSCSLNSLESKYVFFRPTIQVELEQEDSKSVKEIYIRGWKVEERILGVFSKCLPPLTQLQAINLWKVGLTDKTLTTFIELLPLCSSTLRKVSLEGNPLPEQSYHKLMALDSTIAHLSLRNNNIDDRGAQLLGQALSTLHSCNRTLVSLNLGFNHIGDEGAGYIADGLRLNRSLLWLSLAHNRIQDKGALKLAEVLRAFELTHTEVVERRRLLLEKGTQERSRSPSSSRHGDSKTDREKSQMVGISNSALVDKTDKTQTMKTPKGLGKKKEKSWELAKKEEKLGSGQSPTQGTPKKEDATKAGKGKVTIPEQKPSRAKGIKIGSREKRSILLESELVVEATEVVNPLLEPVEHRDGKVFMPGNKVLLHLNLIRNRITEVGLEGFLATVQYQMQFSKAKSASKGPVGLLWLSLAKNCFAPQCPAYAIIQELMLPRDPIKAKLREDEAMAFFP","hNoPS","hNoPS"
"Q9UJY5","MEPAMEPETLEARINRATNPLNKELDWASINGFCEQLNEDFEGPPLATRLLAHKIQSPQEWEAIQALTVLETCMKSCGKRFHDEVGKFRFLNELIKVVSPKYLGSRTSEKVKNKILELLYSWTVGLPEEVKIAEAYQMLKKQGIVKSDPKLPDDTTFPLPPPRPKNVIFEDEEKSKMLARLLKSSHPEDLRAANKLIKEMVQEDQKRMEKISKRVNAIEEVNNNVKLLTEMVMSHSQGGAAAGSSEDLMKELYQRCERMRPTLFRLASDTEDNDEALAEILQANDNLTQVINLYKQLVRGEEVNGDATAGSIPGSTSALLDLSGLDLPPAGTTYPAMPTRPGEQASPEQPSASVSLLDDELMSLGLSDPTPPSGPSLDGTGWNSFQSSDATEPPAPALAQAPSMESRPPAQTSLPASSGLDDLDLLGKTLLQQSLPPESQQVRWEKQQPTPRLTLRDLQNKSSSCSSPSSSATSLLHTVSPEPPRPPQQPVPTELSLASITVPLESIKPSNILPVTVYDQHGFRILFHFARDPLPGRSDVLVVVVSMLSTAPQPIRNIVFQSAVPKVMKVKLQPPSGTELPAFNPIVHPSAITQVLLLANPQKEKVRLRYKLTFTMGDQTYNEMGDVDQFPPPETWGSL","hNoPS","hNoPS"
"O15265","MSERAADDVRGEPRRAAAAAGGAAAAAARQQQQQQQQQQPPPPQPQRQQHPPPPPRRTRPEDGGPGAASTSAAAMATVGERRPLPSPEVMLGQSWNLWVEASKLPGKDGTELDESFKEFGKNREVMGLCREDMPIFGFCPAHDDFYLVVCNDCNQVVKPQAFQSHYERRHSSSSKPPLAVPPTSVFSFFPSLSKSKGGSASGSNRSSSGGVLSASSSSSKLLKSPKEKLQLRGNTRPMHPIQQSRVPHGRIMTPSVKVEKIHPKMDGTLLKSAVGPTCPATVSSLVKPGLNCPSIPKPTLPSPGQILNGKGLPAPPTLEKKPEDNSNNRKFLNKRLSEREFDPDIHCGVIDLDTKKPCTRSLTCKTHSLTQRRAVQGRRKRFDVLLAEHKNKTREKELIRHPDSQQPPQPLRDPHPAPPRTSQEPHQNPHGVIPSESKPFVASKPKPHTPSLPRPPGCPAQQGGSAPIDPPPVHESPHPPLPATEPASRLSSEEGEGDDKEESVEKLDCHYSGHHPQPASFCTFGSRQIGRGYYVFDSRWNRLRCALNLMVEKHLNAQLWKKIPPVPSTTSPISTRIPHRTNSVPTSQCGVSYLAAATVSTSPVLLSSTCISPNSKSVPAHGTTLNAQPAASGAMDPVCSMQSRQVSSSSSSPSTPSGLSSVPSSPMSRKPQKLKSSKSLRPKESSGNSTNCQNASSSTSGGSGKKRKNSSPLLVHSSSSSSSSSSSSHSMESFRKNCVAHSGPPYPSTVTSSHSIGLNCVTNKANAVNVRHDQSGRGPPTGSPAESIKRMSVMVNSSDSTLSLGPFIHQSNELPVNSHGSFSHSHTPLDKLIGKKRKCSPSSSSINNSSSKPTKVAKVPAVNNVHMKHTGTIPGAQGLMNSSLLHQPKARP","hNoPS","hNoPS"
"Q92625","MGKEQELLEAARTGHLPAVEKLLSGKRLSSGFGGGGGGGSGGGGGGSGGGGGGLGSSSHPLSSLLSMWRGPNVNCVDSTGYTPLHHAALNGHKDVVEVLLRNDALTNVADSKGCYPLHLAAWKGDAQIVRLLIHQGPSHTRVNEQNNDNETALHCAAQYGHTEVVKVLLEELTDPTMRNNKFETPLDLAALYGRLEVVKMLLNAHPNLLSCNTKKHTPLHLAARNGHKAVVQVLLDAGMDSNYQTEMGSALHEAALFGKTDVVQILLAAGTDVNIKDNHGLTALDTVRELPSQKSQQIAALIEDHMTGKRSTKEVDKTPPPQPPLISSMDSISQKSQGDVEKAVTELIIDFDANAEEEGPYEALYNAISCHSLDSMASGRSSDQDSTNKEAEAAGVKPAGVRPRERPPPPAKPPPDEEEEDHIDKKYFPLTASEVLSMRPRIHGSAAREEDEHPYELLLTAETKKVVLVDGKTKDHRRSSSSRSQDSAEGQDGQVPEQFSGLLHGSSPVCEVGQDPFQLLCTAGQSHPDGSPQQGACHKASMQLEETGVHAPGASQPSALDQSKRVGYLTGLPTTNSRSHPETLTHTASPHPGGAEEGDRSGARSRAPPTSKPKAELKLSRSLSKSDSDLLTCSPTEDATMGSRSESLSNCSIGKKRLEKSPSFASEWDEIEKIMSSIGEGIDFSQERQKISGLRTLEQSVGEWLESIGLQQYESKLLLNGFDDVHFLGSNVMEEQDLRDIGISDPQHRRKLLQAARSLPKVKALGYDGNSPPSVPSWLDSLGLQDYVHSFLSSGYSSIDTVKNLWELELVNVLKVQLLGHRKRIIASLADRPYEEPPQKPPRFSQLRCQDLLSQTSSPLSQNDSCTGRSADLLLPPGDTGRRRHDSLHDPAAPSRAERFRIQEEHREAKLTLRPPSLAAPYAPVQSWQHQPEKLIFESCGYEANYLGSMLIKDLRGTESTQDACAKMRKSTEHMKKIPTIILSITYKGVKFIDASNKNVIAEHEIRNISCAAQDPEDLCTFAYITKDLQTSHHYCHVFSTVDVNLTYEIILTLGQAFEVAYQLALQAQKSRATGASAAEMIETKSSKPVPKPRVGVRKSALEPPDMDQDAQSHASVSWVVDPKPDSKRSLSTN","hNoPS","hNoPS"
"Q9Y258","MMGLSLASAVLLASLLSLHLGTATRGSDISKTCCFQYSHKPLPWTWVRSYEFTSNSCSQRAVIFTTKRGKKVCTHPRKKWVQKYISLLKTPKQL","hNoPS","hNoPS"
"Q8NA56","MTTLPPLPMTRPKLTALARQKLPCSSRKIPRSQLIKEKDDIDHYLEVNFKGLSKEEVAAYRNSYKKNICVDMLRDGYHKSFTELFALMERWDALREAARVRSLFWLQKPLEEQPDKLDYLYHYLTRAEDAERKESFEDVHNNLYALACYFNNSEDKWVRNHFYERCFKIAQLIKIDCGKKEAEAHMHMGLLYEEDGQLLEAAEHYEAFHQLTQGRIWKDETGRSLNLLACESLLRTYRLLSDKMLENKEYKQAIKILIKASEIAKEGSDKKMEAEASYYLGLAHLAAEEYETALTVLDTYCKISTDLDDDLSLGRGYEAIAKVLQSQGEMTEAIKYLKKFVKIARNNFQSLDLVRASTMLGDIYNEKGYYNKASECFQQAFDTTVELMSMPLMDETKVHYGIAKAHQMMLTVNNYIESADLTSLNYLLSWKESRGNIEPDPVTEEFRGSTVEAVSQNSERLEELSRFPGDQKNET","hNoPS","hNoPS"
"Q9BY67","MASVVLPSGSQCAAAAAAAAPPGLRLRLLLLLFSAAALIPTGDGQNLFTKDVTVIEGEVATISCQVNKSDDSVIQLLNPNRQTIYFRDFRPLKDSRFQLLNFSSSELKVSLTNVSISDEGRYFCQLYTDPPQESYTTITVLVPPRNLMIDIQKDTAVEGEEIEVNCTAMASKPATTIRWFKGNTELKGKSEVEEWSDMYTVTSQLMLKVHKEDDGVPVICQVEHPAVTGNLQTQRYLEVQYKPQVHIQMTYPLQGLTREGDALELTCEAIGKPQPVMVTWVRVDDEMPQHAVLSGPNLFINNLNKTDNGTYRCEASNIVGKAHSDYMLYVYDPPTTIPPPTTTTTTTTTTTTTILTIITDSRAGEEGSIRAVDHAVIGGVVAVVVFAMLCLLIILGRYFARHKGTYFTHEAKGADDAADADTAIINAEGGQNNSEEKKEYFI","hNoPS","hNoPS"
"Q68D42","MRPDDINPRTGLVVALVSVFLVFGFMFTVSGMKGETLGNIPLLAIGPAICLPGIAAIALARKTEGCTKWPENELLWVRKLPCFRKPKDKEVVELLRTPSDLESGKGSSDELAKKAGLRGKPPPQSQGEVSVASSINSPTPTEEGECQSLVQNGHQEETSRYLDGYCPSGSSLTYSALDVKCSARDRSECPEPEDSIFFVPQDSIIVCSYKQNSPYDRYCCYINQIQGRWDHETIV","hNoPS","hNoPS"
"Q9NUD7","MAHVLQKPKHSGTHSIVQEFQVPDYVPWQQSKQETKPSTLPPVQQANSLHTSKMKTLTRVQPVFHFKPTTVVTSCQPKNPRELHRRRKLDPGKMHAKIWLMKTSLRSGRAALRELRSRENFLSKLNRELIETIQEMENSTTLHVRALLQQQDTLATIIDILEYSNKKRLQQLKSELQEWEEKKKCKMSYLEQQAEQLNAKIEKTQEEVNFLSTYMDHEYSIKSVQISTLMRQLQQVKDSQQDELDDLGEMRRKVLESLSDKIQKKKKKILSSVVAETQRPYEEALLQKMWESQDFLKCMQRFREIIDQFEENMPVLRAEVEELQAQTREPREVIFEDVLLRRPKCTPDMDVILNIPVEEPLPF","hNoPS","hNoPS"
"Q9H5Z6","MDETQGPLAMTVHLLANSGHGSLLQRTLDQLLDCICPEVRLFQVSERASPVKYCEKSHSKRSRFPGMSVLLFLHESPGEDRLFRVLDSLQHSPWQCYPTQDTRGRLCPYFFANQEFYSLDSQLPIWGVRQVHCGSEILRVTLYCSFDNYEDAIRLYEMILQREATLQKSNFCFFVLYASKSFALQLSLKQLPPGMSVDPKESSVLQFKVQEIGQLVPLLPNPCMPISSTRWQTQDYDGNKILLQVQLNPELGVKNGILGAGMLPLGSRLTSVSAKRTSEPRSQRNQGKRSQGHSLELPEPSGSPTSDRCAGTSWKSPGRSFQVSSPAMGAHLHLSSHHLESGARMKVLNRENSFQKLEAETNVDTGLTIINSEPRQTYFGGFPRDLQTSQPPFCLPASSLGVATSKNNSVLKERVSPLPLAGQRDLGTRKTISECLLHLQVQGEEKEEDEEEFFI","hNoPS","hNoPS"
"Q92609","MYHSLSETRHPLQPEEQEVGIDPLSSYSNKSGGDSNKNGRRTSSTLDSEGTFNSYRKEWEELFVNNNYLATIRQKGINGQLRSSRFRSICWKLFLCVLPQDKSQWISRIEELRAWYSNIKEIHITNPRKVVGQQDLMINNPLSQDEGSLWNKFFQDKELRSMIEQDVKRTFPEMQFFQQENVRKILTDVLFCYARENEQLLYKQGMHELLAPIVFVLHCDHQAFLHASESAQPSEEMKTVLNPEYLEHDAYAVFSQLMETAEPWFSTFEHDGQKGKETLMTPIPFARPQDLGPTIAIVTKVNQIQDHLLKKHDIELYMHLNRLEIAPQIYGLRWVRLLFGREFPLQDLLVVWDALFADGLSLGLVDYIFVAMLLYIRDALISSNYQTCLGLLMHYPFIGDVHSLILKALFLRDPKRNPRPVTYQFHPNLDYYKARGADLMNKSRTNAKGAPLNINKVSNSLINFGRKLISPAMAPGSAGGPVPGGNSSSSSSVVIPTRTSAEAPSHHLQQQQQQQRLMKSESMPVQLNKGLSSKNISSSPSVESLPGGREFTGSPPSSATKKDSFFSNISRSRSHSKTMGRKESEEELEAQISFLQGQLNDLDAMCKYCAKVMDTHLVNIQDVILQENLEKEDQILVSLAGLKQIKDILKGSLRFNQSQLEAEENEQITIADNHYCSSGQGQGRGQGQSVQMSGAIKQASSETPGCTDRGNSDDFILISKDDDGSSARGSFSGQAQPLRTLRSTSGKSQAPVCSPLVFSDPLMGPASASSSNPSSSPDDDSSKDSGFTIVSPLDI","hNoPS","hNoPS"
"Q8N3F8","MAGPRGALLAWCRRQCEGYRGVEIRDLSSSFRDGLAFCAILHRHRPDLLDFDSLSKDNVFENNRLAFEVAEKELGIPALLDPNDMVSMSVPDCLSIMTYVSQYYNHFCSPGQAGVSPPRKGLAPCSPPSVAPTPVEPEDVAQGEELSSGSLSEQGTGQTPSSTCAACQQHVHLVQRYLADGRLYHRHCFRCRRCSSTLLPGAYENGPEEGTFVCAEHCARLGPGTRSGTRPGPFSQPKQQHQQQLAEDAKDVPGGGPSSSAPAGAEADGPKASPEARPQIPTKPRVPGKLQELASPPAGRPTPAPRKASESTTPAPPTPRPRSSLQQENLVEQAGSSSLVNGRLHELPVPKPRGTPKPSEGTPAPRKDPPWITLVQAEPKKKPAPLPPSSSPGPPSQDSRQVENGGTEEVAQPSPTASLESKPYNPFEEEEEDKEEEAPAAPSLATSPALGHPESTPKSLHPWYGITPTSSPKTKKRPAPRAPSASPLALHASRLSHSEPPSATPSPALSVESLSSESASQTAGAELLEPPAVPKSSSEPAVHAPGTPGNPVSLSTNSSLASSGELVEPRVEQMPQASPGLAPRTRGSSGPQPAKPCSGATPTPLLLVGDRSPVPSPGSSSPQLQVKSSCKENPFNRKPSPAASPATKKATKGSKPVRPPAPGHGFPLIKRKVQADQYIPEEDIHGEMDTIERRLDALEHRGVLLEEKLRGGLNEGREDDMLVDWFKLIHEKHLLVRRESELIYVFKQQNLEQRQADVEYELRCLLNKPEKDWTEEDRAREKVLMQELVTLIEQRNAIINCLDEDRQREEEEDKMLEAMIKKKEFQREAEPEGKKKGKFKTMKMLKLLGNKRDAKSKSPRDKS","hNoPS","hNoPS"
"Q16254","MAEAGPQAPPPPGTPSRHEKSLGLLTTKFVSLLQEAKDGVLDLKLAADTLAVRQKRRIYDITNVLEGIGLIEKKSKNSIQWKGVGPGCNTREIADKLIELKAEIEELQQREQELDQHKVWVQQSIRNVTEDVQNSCLAYVTHEDICRCFAGDTLLAIRAPSGTSLEVPIPEGLNGQKKYQIHLKSVSGPIEVLLVNKEAWSSPPVAVPVPPPEDLLQSPSAVSTPPPLPKPALAQSQEASRPNSPQLTPTAVPGSAEVQGMAGPAAEITVSGGPGTDSKDSGELSSLPLGPTTLDTRPLQSSALLDSSSSSSSSSSSSSNSNSSSSSGPNPSTSFEPIKADPTGVLELPKELSEIFDPTRECMSSELLEELMSSEVFAPLLRLSPPPGDHDYIYNLDESEGVCDLFDVPVLNL","hNoPS","hNoPS"
"Q9P2G9","MASDSMSSKQARNHITKGKRQQQHQQIKNRSSISDGDGEDSFIFEANEAWKDFHGSLLRFYENGELCDVTLKVGSKLISCHKLVLACVIPYFRAMFLSEMAEAKQTLIEIRDFDGDAIEDLVKFVYSSRLTLTVDNVQPLLYAACILQVELVARACCEYMKLHFHPSNCLAVRAFAESHNRIDLMDMADQYACDHFTEVVECEDFVSVSPQHLHKLLSSSDLNIENEKQVYNAAIKWLLANPQHHSKWLDETLAQVRLPLLPVDFLMGVVAKEQIVKQNLKCRDLLDEARNYHLHLSSRAVPDFEYSIRTTPRKHTAGVLFCVGGRGGSGDPFRSIECYSINKNSWFFGPEMNSRRRHVGVISVEGKVYAVGGHDGNEHLGSMEMFDPLTNKWMMKASMNTKRRGIALASLGGPIYAIGGLDDNTCFNDVERYDIESDQWSTVAPMNTPRGGVGSVALVNHVYAVGGNDGMASLSSVERYDPHLDKWIEVKEMGQRRAGNGVSKLHGCLYVVGGFDDNSPLSSVERYDPRSNKWDYVAALTTPRGGVGIATVMGKIFAVGGHNGNAYLNTVEAFDPVLNRWELVGSVSHCRAGAGVAVCSCLTSQIRDVGHGSNNVVDCM","hNoPS","hNoPS"
"Q6P4E1","MVGFGANRRAGRLPSLVLVVLLVVIVVLAFNYWSISSRHVLLQEEVAELQGQVQRTEVARGRLEKRNSDLLLLVDTHKKQIDQKEADYGRLSSRLQAREGLGKRCEDDKVKLQNNISYQMADIHHLKEQLAELRQEFLRQEDQLQDYRKNNTYLVKRLEYESFQCGQQMKELRAQHEENIKKLADQFLEEQKQETQKIQSNDGKELDINNQVVPKNIPKVAENVADKNEEPSSNHIPHGKEQIKRGGDAGMPGIEENDLAKVDDLPPALRKPPISVSQHESHQAISHLPTGQPLSPNMPPDSHINHNGNPGTSKQNPSSPLQRLIPGSNLDSEPRIQTDILKQATKDRVSDFHKLKQSRFFDENESPVDPQHGSKLADYNGDDGNVGEYEADKQAELAYNEEEDGDGGEEDVQDDEERELQMDPADYGKQHFNDVL","hNoPS","hNoPS"
"P57738","MAESWSGQALQALPATVLGALGSEFLREWEAQDMRVTLFKLLLLWLVLSLLGIQLAWGFYGNTVTGLYHRPGLGGQNGSTPDGSTHFPSWEMAANEPLKTHRE","hNoPS","hNoPS"
"Q9BXL5","MDLGKDQSHLKHHQTPDPHQEENHSPEVIGTWSLRNRELLRKRKAEVHEKETSQWLFGEQKKRKQQRTGKGNRRGRKRQQNTELKVEPQPQIEKEIVEKALAPIEKKTEPPGSITKVFPSVASPQKVVPEEHFSEICQESNIYQENFSEYQEIAVQNHSSETCQHVSEPEDLSPKMYQEISVLQDNSSKICQDMKEPEDNSPNTCQVISVIQDHPFKMYQDMAKREDLAPKMCQEAAVPKILPCPTSEDTADLAGCSLQAYPKPDVPKGYILDTDQNPAEPEEYNETDQGIAETEGLFPKIQEIAEPKDLSTKTHQESAEPKYLPHKTCNEIIVPKAPSHKTIQETPHSEDYSIEINQETPGSEKYSPETYQEIPGLEEYSPEIYQETSQLEEYSPEIYQETPGPEDLSTETYKNKDVPKECFPEPHQETGGPQGQDPKAHQEDAKDAYTFPQEMKEKPKEEPGIPAILNESHPENDVYSYVLF","hNoPS","hNoPS"
"Q9H0P0","MRAPSMDRAAVARVGAVASASVCALVAGVVLAQYIFTLKRKTGRKTKIIEMMPEFQKSSVRIKNPTRVEEIICGLIKGGAAKLQIITDFDMTLSRFSYKGKRCPTCHNIIDNCKLVTDECRKKLLQLKEKYYAIEVDPVLTVEEKYPYMVEWYTKSHGLLVQQALPKAKLKEIVAESDVMLKEGYENFFDKLQQHSIPVFIFSAGIGDVLEEVIRQAGVYHPNVKVVSNFMDFDETGVLKGFKGELIHVFNKHDGALRNTEYFNQLKDNSNIILLGDSQGDLRMADGVANVEHILKIGYLNDRVDELLEKYMDSYDIVLVQDESLEVANSILQKIL","hNoPS","hNoPS"
"O60674","MGMACLTMTEMEGTSTSSIYQNGDISGNANSMKQIDPVLQVYLYHSLGKSEADYLTFPSGEYVAEEICIAASKACGITPVYHNMFALMSETERIWYPPNHVFHIDESTRHNVLYRIRFYFPRWYCSGSNRAYRHGISRGAEAPLLDDFVMSYLFAQWRHDFVHGWIKVPVTHETQEECLGMAVLDMMRIAKENDQTPLAIYNSISYKTFLPKCIRAKIQDYHILTRKRIRYRFRRFIQQFSQCKATARNLKLKYLINLETLQSAFYTEKFEVKEPGSGPSGEEIFATIIITGNGGIQWSRGKHKESETLTEQDLQLYCDFPNIIDVSIKQANQEGSNESRVVTIHKQDGKNLEIELSSLREALSFVSLIDGYYRLTADAHHYLCKEVAPPAVLENIQSNCHGPISMDFAISKLKKAGNQTGLYVLRCSPKDFNKYFLTFAVERENVIEYKHCLITKNENEEYNLSGTKKNFSSLKDLLNCYQMETVRSDNIIFQFTKCCPPKPKDKSNLLVFRTNGVSDVPTSPTLQRPTHMNQMVFHKIRNEDLIFNESLGQGTFTKIFKGVRREVGDYGQLHETEVLLKVLDKAHRNYSESFFEAASMMSKLSHKHLVLNYGVCVCGDENILVQEFVKFGSLDTYLKKNKNCINILWKLEVAKQLAWAMHFLEENTLIHGNVCAKNILLIREEDRKTGNPPFIKLSDPGISITVLPKDILQERIPWVPPECIENPKNLNLATDKWSFGTTLWEICSGGDKPLSALDSQRKLQFYEDRHQLPAPKWAELANLINNCMDYEPDFRPSFRAIIRDLNSLFTPDYELLTENDMLPNMRIGALGFSGAFEDRDPTQFEERHLKFLQQLGKGNFGSVEMCRYDPLQDNTGEVVAVKKLQHSTEEHLRDFEREIEILKSLQHDNIVKYKGVCYSAGRRNLKLIMEYLPYGSLRDYLQKHKERIDHIKLLQYTSQICKGMEYLGTKRYIHRDLATRNILVENENRVKIGDFGLTKVLPQDKEYYKVKEPGESPIFWYAPESLTESKFSVASDVWSFGVVLYELFTYIEKSKSPPAEFMRMIGNDKQGQMIVFHLIELLKNNGRLPRPDGCPDEIYMIMTECWNNNVNQRPSFRDLALRVDQIRDNMAG","hNoPS","hNoPS"
"P40426","MDDQSRMLQTLAGVNLAGHSVQGGMALPPPPHGHEGADGDGRKQDIGDILHQIMTITDQSLDEAQAKKHALNCHRMKPALFSVLCEIKEKTGLSIRGAQEEDPPDPQLMRLDNMLLAEGVSGPEKGGGSAAAAAAAAASGGSSDNSIEHSDYRAKLTQIRQIYHTELEKYEQACNEFTTHVMNLLREQSRTRPISPKEIERMVGIIHRKFSSIQMQLKQSTCEAVMILRSRFLDARRKRRNFSKQATEILNEYFYSHLSNPYPSEEAKEELAKKCSITVSQVSNWFGNKRIRYKKNIGKFQEEANLYAAKTAVTAAHAVAAAVQNNQTNSPTTPNSGSSGSFNLPNSGDMFMNMQSLNGDSYQGSQVGANVQSQVDTLRHVINQTGGYSDGLGGNSLYSPHNLNANGGWQDATTPSSVTSPTEGPGSVHSDTSN","hNoPS","hNoPS"
"Q9H553","MAEEQGRERDSVPKPSVLFLHPDLGVGGAERLVLDAALALQARGCSVKIWTAHYDPGHCFAESRELPVRCAGDWLPRGLGWGGRGAAVCAYVRMVFLALYVLFLADEEFDVVVCDQVSACIPVFRLARRRKKILFYCHFPDLLLTKRDSFLKRLYRAPIDWIEEYTTGMADCILVNSQFTAAVFKETFKSLSHIDPDVLYPSLNVTSFDSVVPEKLDDLVPKGKKFLLLSINRYERKKNLTLALEALVQLRGRLTSQDWERVHLIVAGGYDERVLENVEHYQELKKMVQQSDLGQYVTFLRSFSDKQKISLLHSCTCVLYTPSNEHFGIVPLEAMYMQCPVIAVNSGGPLESIDHSVTGFLCEPDPVHFSEAIEKFIREPSLKATMGLAGRARVKEKFSPEAFTEQLYRYVTKLLV","hNoPS","hNoPS"
"Q14994","MASREDELRNCVVCGDQATGYHFNALTCEGCKGFFRRTVSKSIGPTCPFAGSCEVSKTQRRHCPACRLQKCLDAGMRKDMILSAEALALRRAKQAQRRAQQTPVQLSKEQEELIRTLLGAHTRHMGTMFEQFVQFRPPAHLFIHHQPLPTLAPVLPLVTHFADINTFMVLQVIKFTKDLPVFRSLPIEDQISLLKGAAVEICHIVLNTTFCLQTQNFLCGPLRYTIEDGARVSPTVGFQVEFLELLFHFHGTLRKLQLQEPEYVLLAAMALFSPDRPGVTQRDEIDQLQEEMALTLQSYIKGQQRRPRDRFLYAKLLGLLAELRSINEAYGYQIQHIQGLSAMMPLLQEICS","hNoPS","hNoPS"
"Q6J4K2","MAGRRLNLRWALSVLCVLLMAETVSGTRGSSTGAHISPQFPASGVNQTPVVDCRKVCGLNVSDRCDFIRTNPDCHSDGGYLDYLEGIFCHFPPSLLPLAVTLYVSWLLYLFLILGVTAAKFFCPNLSAISTTLKLSHNVAGVTFLAFGNGAPDIFSALVAFSDPHTAGLALGALFGAGVLVTTVVAGGITILHPFMAASRPFFRDIVFYMVAVFLTFLMLFRGRVTLAWALGYLGLYVFYVVTVILCTWIYQRQRRGSLFCPMPVTPEILSDSEEDRVSSNTNSYDYGDEYRPLFFYQETTAQILVRALNPLDYMKWRRKSAYWKALKVFKLPVEFLLLLTVPVVDPDKDDQNWKRPLNCLHLVISPLVVVLTLQSGTYGVYEIGGLVPVWVVVVIAGTALASVTFFATSDSQPPRLHWLFAFLGFLTSALWINAAATEVVNILRSLGVVFRLSNTVLGLTLLAWGNSIGDAFSDFTLARQGYPRMAFSACFGGIIFNILVGVGLGCLLQISRSHTEVKLEPDGLLVWVLAGALGLSLVFSLVSVPLQCFQLSRVYGFCLLLFYLNFLVVALLTEFGVIHLKSM","hNoPS","hNoPS"
"Q9NR28","MAALKSWLSRSVTSFFRYRQCLCVPVVANFKKRCFSELIRPWHKTVTIGFGVTLCAVPIAQKSEPHSLSSEALMRRAVSLVTDSTSTFLSQTTYALIEAITEYTKAVYTLTSLYRQYTSLLGKMNSEEEDEVWQVIIGARAEMTSKHQEYLKLETTWMTAVGLSEMAAEAAYQTGADQASITARNHIQLVKLQVEEVHQLSRKAETKLAEAQIEELRQKTQEEGEERAESEQEAYLRED","hNoPS","hNoPS"
"B4DJY2","MSQYAPSPDFKRALDSSPEANTEDDKTEEDVPMPKNYLWLTIVSCFCPAYPINIVALVFSIMSLNSYNDGDYEGARRLGRNAKWVAIASIIIGLLIIGISCAVHFTRNA","hNoPS","hNoPS"
"Q5T7N3","MEKTDAKDQSSQGDEEKDPPKSHPYSVETPYGFHLDLDFLKYVDDIEKGNTIKRIPIHRRAKQAKFSTLPRNFSLPDSGARPPAAPPLQNWSPVVPREASLGTQEQNQSPPLGNAPQASTSRSEVSYHRKALLAEATRQLEAAEPEDAELTFGSGRPQLLRASSMPATLLHSRASEEPGLSLGPPAPPALPPLQGEGSVCDGTFEPAEGLAGFHSSSPRASTRIPELVQEGAEPPEGVVKVPNHLPLPGPPFSFQNVLVVLEDKEDEHNAREAEVLFTPGSPTPSPPPLPSPIPENELLLEEIELNISEIPPPPPVEVDMRSIGIRVTEESLGLARVDPGSISSLKQQVSALEGELSGRTEELAQVRTALQQQEEEIKAREQRIRELEFTVAQLEGQFHQENAKDTQGQTDVMVNTDPVHGLLTRESCDKGIEVNLLGSMESESWGHRGEENGLLWGPDGHKQGNQSPAERVLLPQLSLPQGPEQVLTSSVHSFLSTELRIEEAGTEQEGGPQGGTRGAGGFLWGSDRKTPPAGREETSSNLPGKEHPGRPPSSPTDATIGQYVKKIQELLQEQWNCLEHGYPELASAIKQPASKLSSIQSQLLSSLNLLLSAYSAQAHPPKEPPASSSSPPVEISPSTSLKSIMKKKDYGFRAGGNGTKKNLQFVGVNGGYETTSSEETSGEDSTPEDLSDSEAEKKCDGPDHKHVKDAHLTCEAGQGIPEGTCHAAQESGPGEEVPHSKAERYKPSEEFLNACRALSQHLPETGTTTDQLLRQSLNTISQEWFRVSSRKSSSPAVVASYLHEVQPHSPHFLKLLVNLADHNGNTALHYSVSHSNFSIVKLLLETGVCNVDHQNKAGYTAVMITPLASAETNEDMAVVWKLLREGNVNIQATQGGQTALMLGVSHDREDMVQALLSCQADVNLQDHDGSSALMVACHHGNVDLVRLLLAHPACDSSLTDKAGRTALSIALKSPTHMEIAGLLRAHAEQGRSLGL","hNoPS","hNoPS"
"O00322","MASAAAAEAEKGSPVVVGLLVVGNIIILLSGLSLFAETIWVTADQYRVYPLMGVSGKDDVFAGAWIAIFCGFSFFMVASFGVGAALCRRRSMVLTYLVLMLIVYIFECASCITSYTHRDYMVSNPSLITKQMLTFYSADTDQGQELTRLWDRVMIEQECCGTSGPMDWVNFTSAFRAATPEVVFPWPPLCCRRTGNFIPLNEEGCRLGHMDYLFTKGCFEHIGHAIDSYTWGISWFGFAILMWTLPVMLIAMYFYTML","hNoPS","hNoPS"
"P11686","MDVGSKEVLMESPPDYSAAPRGRFGIPCCPVHLKRLLIVVVVVVLIVVVIVGALLMGLHMSQKHTEMVLEMSIGAPEAQQRLALSEHLVTTATFSIGSTGLVVYDYQQLLIAYKPAPGTCCYIMKIAPESIPSLEALNRKVHNFQMECSLQAKPAVPTSKLGQAEGRDAGSAPSGGDPAFLGMAVNTLCGEVPLYYI","hNoPS","hNoPS"
"Q96PD2","MASRAVVRARRCPQCPQVRAAAAAPAWAALPLSRSLPPCSNSSSFSMPLFLLLLLVLLLLLEDAGAQQGDGCGHTVLGPESGTLTSINYPQTYPNSTVCEWEIRVKMGERVRIKFGDFDIEDSDSCHFNYLRIYNGIGVSRTEIGKYCGLGLQMNHSIESKGNEITLLFMSGIHVSGRGFLASYSVIDKQDLITCLDTASNFLEPEFSKYCPAGCLLPFAEISGTIPHGYRDSSPLCMAGVHAGVVSNTLGGQISVVISKGIPYYESSLANNVTSVVGHLSTSLFTFKTSGCYGTLGMESGVIADPQITASSVLEWTDHTGQENSWKPKKARLKKPGPPWAAFATDEYQWLQIDLNKEKKITGIITTGSTMVEHNYYVSAYRILYSDDGQKWTVYREPGVEQDKIFQGNKDYHQDVRNNFLPPIIARFIRVNPTQWQQKIAMKMELLGCQFIPKGRPPKLTQPPPPRNSNDLKNTTAPPKIAKGRAPKFTQPLQPRSSNEFPAQTEQTTASPDIRNTTVTPNVTKDVALAAVLVPVLVMVLTTLILILVCAWHWRNRKKKTEGTYDLPYWDRAGWWKGMKQFLPAKAVDHEETPVRYSSSEVNHLSPREVTTVLQADSAEYAQPLVGGIVGTLHQRSTFKPEEGKEAGYADLDPYNSPGQEVYHAYAEPLPITGPEYATPIIMDMSGHPTTSVGQPSTSTFKATGNQPPPLVGTYNTLLSRTDSCSSAQAQYDTPKAGKPGLPAPDELVYQVPQSTQEVSGAGRDGECDVFKEIL","hNoPS","hNoPS"
"Q2VWA4","MASSPLPGPNDILLASPSSAFQPDTLSQPRPGHANLKPNQVGQVILYGIPIVSLVIDGQERLCLAQISNTLLKNFSYNEIHNRRVALGITCVQCTPVQLEILRRAGAMPISSRRCGMITKREAERLCKSFLGENRPPKLPDNFAFDVSHECAWGCRGSFIPARYNSSRAKCIKCSYCNMYFSPNKFIFHSHRTPDAKYTQPDAANFNSWRRHLKLTDKSPQDELVFAWEDVKAMFNGGSRKRALPQPGAHPACHPLSSVKAAAVAAAAAVAGGGGLLGPHLLGAPPPPPPPPPPLAELAGAPHAHHKRPRFDDDDDSLQEAAVVAAASLSAAAASLSVAAASGGAGTGGGGAGGGCVAGVGVGAGAGAGAGAGAKGPRSYPVIPVPSKGSFGGVLQKFPGCGGLFPHPYTFPAAAAAFSLCHKKEDAGAAAEALGGAGAGGAGAAPKAGLSGLFWPAGRKDAFYPPFCMFWPPRTPGGLPVPTYLQPPPQPPSALGCALGESPALLRQAFLDLAEPGGAAGSAEAAPPPGQPPQVVANGPGSGPPPPAGGAGSRDALFESPPGGSGGDCSAGSTPPADSVAAAGAGAAAAGSGPAGSRVPAPHHPHLLEGRKAGGGSYHHSSAFRPVGGKDDAESLAKLHGASAGAPHSAQTHPHHHHHPHHHHHHHHPPQPPSPLLLLPPQPDEPGSERHHPAPPPPPPPPPPPPLAQHPHHRGLLSPGGTSCCYPSEDSSEDEDDEEEEQEVDVEGHKPPEGEEEEEGRDPDDDEEEDEETEVLLGDPLVGGGRFLQGRGPSEKGSSRDRAPAVAGAFPLGLNSSRLLQEDGKLGDPGSDLPPPPPPPLAPQKASGGGSSSPGSPVHHPSLEEQPSYKDSQKTKENNQVIVSTKDDNSFSDKNKEHSFFITDSDASGGDFWRERSGEHTQETNSPHSLKKDVENMGKEELQKVLFEQIDLRRRLEQEFQVLKGNTSFPVFNNFQDQMKRELAYREEMVQQLQIIPYAASLIRKEKLGAHLSKS","hNoPS","hNoPS"
"A2A2V5","MSEPDTSSGFSGSVENGTFLELFPTSLSTSVDPSSGHLSNVYIYVSIFLSLLAFLLLLLIIALQRLKNIISSSSSYPEYPSDAGSSFTNLEVCSISSQRSTFSNLSS","hNoPS","hNoPS"
"Q92733","MSLVAYASSDESEPDEAEPEPEEEEAVAPTSGPALGGLFASLPAPKGPALLPPPPQMLAPAFPPPLLLPPPTGDPRLQPPPPLPFGLGGFPPPPGVSPAEAAGVGEGLGLGLPSPRGPGLNLPPPIGGAGPPLGLPKPKKRKEPVKIAAPELHKGDSDSEEDEPTKKKTILQGSSEGTGLSALLPQPKNLTVKETNRLLLPHAFSRKPSDGSPDTKPSRLASKTKTSSLAPVVGTTTTTPSPSAIKAAAKSAALQVTKQITQEEDDSDEEVAPENFFSLPEKAEPPGVEPYPYPIPTVPEELPPGTEPEPAFQDDAANAPLEFKMAAGSSGAPWMPKPGDDYSYNQFSTYGDANAAGAYYQDYYSGGYYPAQDPALVPPQEIAPDASFIDDEAFKRLQGKRNRGREEINFVEIKGDDQLSGAQQWMTKSLTEEKTMKSFSKKKGEQPTGQQRRKHQITYLIHQAKERELELKNTWSENKLSRRQTQAKYGF","hNoPS","hNoPS"
"Q7KZN9","MQRLLFPPLRALKGRQYLPLLAPRAAPRAQCDCIRRPLRPGQYSTISEVALQSGRGTVSLPSKAAERVVGRWLLVCSGTVAGAVILGGVTRLTESGLSMVDWHLIKEMKPPTSQEEWEAEFQRYQQFPEFKILNHDMTLTEFKFIWYMEYSHRMWGRLVGLVYILPAAYFWRKGWLSRGMKGRVLALCGLVCFQGLLGWYMVKSGLEEKSDSHDIPRVSQYRLAAHLGSALVLYCASLWTSLSLLLPPHKLPETHQLLQLRRFAHGTAGLVFLTALSGAFVAGLDAGLVYNSFPKMGESWIPEDLFTFSPILRNVFENPTMVQFDHRILGITSVTAITVLYFLSRRIPLPRRTKMAAVTLLALAYTQVGLGISTLLMYVPTPLAATHQSGSLALLTGALWLMNELRRVPK","hNoPS","hNoPS"
"Q86XK7","MVFAFWKVFLILSCLAGQVSVVQVTIPDGFVNVTVGSNVTLICIYTTTVASREQLSIQWSFFHKKEMEPISIYFSQGGQAVAIGQFKDRITGSNDPGNASITISHMQPADSGIYICDVNNPPDFLGQNQGILNVSVLVKPSKPLCSVQGRPETGHTISLSCLSALGTPSPVYYWHKLEGRDIVPVKENFNPTTGILVIGNLTNFEQGYYQCTAINRLGNSSCEIDLTSSHPEVGIIVGALIGSLVGAAIIISVVCFARNKAKAKAKERNSKTIAELEPMTKINPRGESEAMPREDATQLEVTLPSSIHETGPDTIQEPDYEPKPTQEPAPEPAPGSEPMAVPDLDIELELEPETQSELEPEPEPEPESEPGVVVEPLSEDEKGVVKA","hNoPS","hNoPS"
"Q53HI1","MLPSTSVNSLVQGNGVLNSRDAARHTAGAKRYKYLRRLFRFRQMDFEFAAWQMLYLFTSPQRVYRNFHYRKQTKDQWARDDPAFLVLLSIWLCVSTIGFGFVLDMGFFETIKLLLWVVLIDCVGVGLLIATLMWFISNKYLVKRQSRDYDVEWGYAFDVHLNAFYPLLVILHFIQLFFINHVILTDTFIGYLVGNTLWLVAVGYYIYVTFLGYSALPFLKNTVILLYPFAPLILLYGLSLALGWNFTHTLCSFYKYRVK","hNoPS","hNoPS"
"Q7L211","MEKSWMLWNFVERWLIALASWSWALCRISLLPLIVTFHLYGGIILLLLIFISIAGILYKFQDVLLYFPEQPSSSRLYVPMPTGIPHENIFIRTKDGIRLNLILIRYTGDNSPYSPTIIYFHGNAGNIGHRLPNALLMLVNLKVNLLLVDYRGYGKSEGEASEEGLYLDSEAVLDYVMTRPDLDKTKIFLFGRSLGGAVAIHLASENSHRISAIMVENTFLSIPHMASTLFSFFPMRYLPLWCYKNKFLSYRKISQCRMPSLFISGLSDQLIPPVMMKQLYELSPSRTKRLAIFPDGTHNDTWQCQGYFTALEQFIKEVVKSHSPEEMAKTSSNVTII","hNoPS","hNoPS"
"Q8WYB5","MVKLANPLYTEWILEAIQKIKKQKQRPSEERICHAVSTSHGLDKKTVSEQLELSVQDGSVLKVTNKGLASYKDPDNPGRFSSVKPGTFPKSAKGSRGSCNDLRNVDWNKLLRRAIEGLEEPNGSSLKNIEKYLRSQSDLTSTTNNPAFQQRLRLGAKRAVNNGRLLKDGPQYRVNYGSLDGKGAPQYPSAFPSSLPPVSLLPHEKDQPRADPIPICSFCLGTKESNREKKPEELLSCADCGSSGHPSCLKFCPELTTNVKALRWQCIECKTCSACRVQGRNADNMLFCDSCDRGFHMECCDPPLSRMPKGMWICQVCRPKKKGRKLLHEKAAQIKRRYAKPIGRPKNKLKQRLLSVTSDEGSMNAFTGRGSPGRGQKTKVCTTPSSGHAASGKDSSSRLAVTDPTRPGATTKITTTSTYISASTLKVNKKTKGLIDGLTKFFTPSPDGRRSRGEIIDFSKHYRPRKKVSQKQSCTSHVLATGTTQKLKPPPSSLPPPTPISGQSPSSQKSSTATSSPSPQSSSSQCSVPSLSSLTTNSQLKALFDGLSHIYTTQGQSRKKGHPSYAPPKRMRRKTELSSTAKSKAHFFGKRDIRSRFISHSSSSSWGMARGSIFKAIAHFKRTTFLKKHRMLGRLKYKVTPQMGTPSPGKGSLTDGRIKPDQDDDTEIKINIKQESADVNVIGNKDVVTEEDLDVFKQAQELSWEKIECESGVEDCGRYPSVIEFGKYEIQTWYSSPYPQEYARLPKLYLCEFCLKYMKSKNILLRHSKKCGWFHPPANEIYRRKDLSVFEVDGNMSKIYCQNLCLLAKLFLDHKTLYYDVEPFLFYVLTKNDEKGCHLVGYFSKEKLCQQKYNVSCIMIMPQHQRQGFGRFLIDFSYLLSRREGQAGSPEKPLSDLGRLSYLAYWKSVILEYLYHHHERHISIKAISRATGMCPHDIATTLQHLHMIDKRDGRFVIIRREKLILSHMEKLKTCSRANELDPDSLRWTPILISNAAVSEEEREAEKEAERLMEQASCWEKEEQEILSTRANSRQSPAKVQSKNKYLHSPESRPVTGERGQLLELSKESSEEEEEEEDEEEEEEEEEEEEDEEEEEEEEEEEEEENIQSSPPRLTKPQSVAIKRKRPFVLKKKRGRKRRRINSSVTTETISETTEVLNEPFDNSDEERPMPQLEPTCEIEVEEDGRKPVLRKAFQHQPGKKRQTEEEEGKDNHCFKNADPCRNNMNDDSSNLKEGSKDNPEPLKCKQVWPKGTKRGLSKWRQNKERKTGFKLNLYTPPETPMEPDEQVTVEEQKETSEGKTSPSPIRIEEEVKETGEALLPQEENRREETCAPVSPNTSPGEKPEDDLIKPEEEEEEEEEEEEEEEEEEGEEEEGGGNVEKDPDGAKSQEKEEPEISTEKEDSARLDDHEEEEEEDEEPSHNEDHDADDEDDSHMESAEVEKEELPRESFKEVLENQETFLDLNVQPGHSNPEVLMDCGVDLTASCNSEPKELAGDPEAVPESDEEPPPGEQAQKQDQKNSKEVDTEFKEGNPATMEIDSETVQAVQSLTQESSEQDDTFQDCAETQEACRSLQNYTRADQSPQIATTLDDCQQSDHSSPVSSVHSHPGQSVRSVNSPSVPALENSYAQISPDQSAISVPSLQNMETSPMMDVPSVSDHSQQVVDSGFSDLGSIESTTENYENPSSYDSTMGGSICGNGSSQNSCSYSNLTSSSLTQSSCAVTQQMSNISGSCSMLQQTSISSPPTCSVKSPQGCVVERPPSSSQQLAQCSMAANFTPPMQLAEIPETSNANIGLYERMGQSDFGAGHYPQPSATFSLAKLQQLTNTLIDHSLPYSHSAAVTSYANSASLSTPLSNTGLVQLSQSPHSVPGGPQAQATMTPPPNLTPPPMNLPPPLLQRNMAASNIGISHSQRLQTQIASKGHISMRTKSASLSPAAATHQSQIYGRSQTVAMQGPARTLTMQRGMNMSVNLMPAPAYNVNSVNMNMNTLNAMNGYSMSQPMMNSGYHSNHGYMNQTPQYPMQMQMGMMGTQPYAQQPMQTPPHGNMMYTAPGHHGYMNTGMSKQSLNGSYMRR","hNoPS","hNoPS"
"Q9H756","MKVTGITILFWPLSMILLSDKIQSSKREVQCNFTEKNYTLIPADIKKDVTILDLSYNQITLNGTDTRVLQTYFLLTELYLIENKVTILHNNGFGNLSSLEILNICRNSIYVIQQGAFLGLNKLKQLYLCQNKIEQLNADVFVPLRSLKLLNLQGNLISYLDVPPLFHLELITLYGNLWNCSCSLFNLQNWLNTSNVTLENENITMCSYPNSLQSYNIKTVPHKAECHSKFPSSVTEDLYIHFQPISNSIFNSSSNNLTRNSEHEPLGKSWAFLVGVVVTVLTTSLLIFIAIKCPIWYNILLSYNHHRLEEHEAETYEDGFTGNPSSLSQIPETNSEETTVIFEQLHSFVVDDDGFIEDKYIDIHELCEEN","hNoPS","hNoPS"
"Q9UHJ6","MAARPITLGIDLGTTSVKAALLRAAPDDPSGFAVLASCARAARAEAAVESAVAGPQGREQDVSRILQALHECLAALPRPQLRSVVGIGVSGQMHGVVFWKTGQGCEWTEGGITPVFEPRAVSHLVTWQDGRCSSEFLASLPQPKSHLSVATGFGCATIFWLLKYRPEFLKSYDAAGTIHDYVVAMLCGLPRPLMSDQNAASWGYFNTQSQSWNVETLRSSGFPVHLLPDIAEPGSVAGRTSHMWFEIPKGTQVGVALGDLQASVYSCMAQRTDAVLNISTSVQLAASMPSGFQPAQTPDPTAPVAYFPYFNRTYLGVAASLNGGNVLATFVHMLVQWMADLGLEVEESTVYSRMIQAAVQQRDTHLTITPTVLGERHLPDQLASVTRISSSDLSLGHVTRALCRGIVQNLHSMLPIQQLQEWGVERVMGSGSALSRNDVLKQEVQRAFPLPMSFGQDVDAAVGAALVMLRRHLNQKES","hNoPS","hNoPS"
"Q96CB5","MRKNESYLNQPAPPIPIPTLSLMGGCREHFENHWKGRARWLMPVIPALWEAKAGRSPEVRSSKPAWPTWRNPIFTKNTKISQVLELFLNYQSLICALEKQKRQKGSLAIFCWSFQGGCVSKRPDVPSLKSQKPKRKRITGRKRLSKGFWSLLFSNLGRF","hNoPS","hNoPS"
"Q96M42","MDGGSLRASPAAMDGGALEPAQQLSSLEGWTGQDRLLIPRWREARSLSWMQSPDLESSKCLTQGCCYPQAWILACSAALLQALASSDLQGSLDRVNYSRGLGPRVRLFVFPDTVGSTRKSGSTGNICSVMLNVATGCVRIEK","hNoPS","hNoPS"
"Q9HBW9","MKRLPLLVVFSTLLNCSYTQNCTKTPCLPNAKCEIRNGIEACYCNMGFSGNGVTICEDDNECGNLTQSCGENANCTNTEGSYYCMCVPGFRSSSNQDRFITNDGTVCIENVNANCHLDNVCIAANINKTLTKIRSIKEPVALLQEVYRNSVTDLSPTDIITYIEILAESSSLLGYKNNTISAKDTLSNSTLTEFVKTVNNFVQRDTFVVWDKLSVNHRRTHLTKLMHTVEQATLRISQSFQKTTEFDTNSTDIALKVFFFDSYNMKHIHPHMNMDGDYINIFPKRKAAYDSNGNVAVAFVYYKSIGPLLSSSDNFLLKPQNYDNSEEEERVISSVISVSMSSNPPTLYELEKITFTLSHRKVTDRYRSLCAFWNYSPDTMNGSWSSEGCELTYSNETHTSCRCNHLTHFAILMSSGPSIGIKDYNILTRITQLGIIISLICLAICIFTFWFFSEIQSTRTTIHKNLCCSLFLAELVFLVGINTNTNKLFCSIIAGLLHYFFLAAFAWMCIEGIHLYLIVVGVIYNKGFLHKNFYIFGYLSPAVVVGFSAALGYRYYGTTKVCWLSTENNFIWSFIGPACLIILVNLLAFGVIIYKVFRHTAGLKPEVSCFENIRSCARGALALLFLLGTTWIFGVLHVVHASVVTAYLFTVSNAFQGMFIFLFLCVLSRKIQEEYYRLFKNVPCCFGCLR","hNoPS","hNoPS"
"Q8IZY2","MAFWTQLMLLLWKNFMYRRRQPVQLLVELLWPLFLFFILVAVRHSHPPLEHHECHFPNKPLPSAGTVPWLQGLICNVNNTCFPQLTPGEEPGRLSNFNDSLVSRLLADARTVLGGASAHRTLAGLGKLIATLRAARSTAQPQPTKQSPLEPPMLDVAELLTSLLRTESLGLALGQAQEPLHSLLEAAEDLAQELLALRSLVELRALLQRPRGTSGPLELLSEALCSVRGPSSTVGPSLNWYEASDLMELVGQEPESALPDSSLSPACSELIGALDSHPLSRLLWRRLKPLILGKLLFAPDTPFTRKLMAQVNRTFEELTLLRDVREVWEMLGPRIFTFMNDSSNVAMLQRLLQMQDEGRRQPRPGGRDHMEALRSFLDPGSGGYSWQDAHADVGHLVGTLGRVTECLSLDKLEAAPSEAALVSRALQLLAEHRFWAGVVFLGPEDSSDPTEHPTPDLGPGHVRIKIRMDIDVVTRTNKIRDRFWDPGPAADPLTDLRYVWGGFVYLQDLVERAAVRVLSGANPRAGLYLQQMPYPCYVDDVFLRVLSRSLPLFLTLAWIYSVTLTVKAVVREKETRLRDTMRAMGLSRAVLWLGWFLSCLGPFLLSAALLVLVLKLGDILPYSHPGVVFLFLAAFAVATVTQSFLLSAFFSRANLAAACGGLAYFSLYLPYVLCVAWRDRLPAGGRVAASLLSPVAFGFGCESLALLEEQGEGAQWHNVGTRPTADVFSLAQVSGLLLLDAALYGLATWYLEAVCPGQYGIPEPWNFPFRRSYWCGPRPPKSPAPCPTPLDPKVLVEEAPPGLSPGVSVRSLEKRFPGSPQPALRGLSLDFYQGHITAFLGHNGAGKTTTLSILSGLFPPSGGSAFILGHDVRSSMAAIRPHLGVCPQYNVLFDMLTVDEHVWFYGRLKGLSAAVVGPEQDRLLQDVGLVSKQSVQTRHLSGGMQRKLSVAIAFVGGSQVVILDEPTAGVDPASRRGIWELLLKYREGRTLILSTHHLDEAELLGDRVAVVAGGRLCCCGSPLFLRRHLGSGYYLTLVKARLPLTTNEKADTDMEGSVDTRQEKKNGSQGSRVGTPQLLALVQHWVPGARLVEELPHELVLVLPYTGAHDGSFATLFRELDTRLAELRLTGYGISDTSLEEIFLKVVEECAADTDMEDGSCGQHLCTGIAGLDVTLRLKMPPQETALENGEPAGSAPETDQGSGPDAVGRVQGWALTRQQLQALLLKRFLLARRSRRGLFAQIVLPALFVGLALVFSLIVPPFGHYPALRLSPTMYGAQVSFFSEDAPGDPGRARLLEALLQEAGLEEPPVQHSSHRFSAPEVPAEVAKVLASGNWTPESPSPACQCSRPGARRLLPDCPAAAGGPPPPQAVTGSGEVVQNLTGRNLSDFLVKTYPRLVRQGLKTKKWVNEVRYGGFSLGGRDPGLPSGQELGRSVEELWALLSPLPGGALDRVLKNLTAWAHSLDAQDSLKIWFNNKGWHSMVAFVNRASNAILRAHLPPGPARHAHSITTLNHPLNLTKEQLSEGALMASSVDVLVSICVVFAMSFVPASFTLVLIEERVTRAKHLQLMGGLSPTLYWLGNFLWDMCNYLVPACIVVLIFLAFQQRAYVAPANLPALLLLLLLYGWSITPLMYPASFFFSVPSTAYVVLTCINLFIGINGSMATFVLELFSDQKLQEVSRILKQVFLIFPHFCLGRGLIDMVRNQAMADAFERLGDRQFQSPLRWEVVGKNLLAMVIQGPLFLLFTLLLQHRSQLLPQPRVRSLPLLGEEDEDVARERERVVQGATQGDVLVLRNLTKVYRGQRMPAVDRLCLGIPPGECFGLLGVNGAGKTSTFRMVTGDTLASRGEAVLAGHSVAREPSAAHLSMGYCPQSDAIFELLTGREHLELLARLRGVPEAQVAQTAGSGLARLGLSWYADRPAGTYSGGNKRKLATALALVGDPAVVFLDEPTTGMDPSARRFLWNSLLAVVREGRSVMLTSHSMEECEALCSRLAIMVNGRFRCLGSPQHLKGRFAAGHTLTLRVPAARSQPAAAFVAAEFPGAELREAHGGRLRFQLPPGGRCALARVFGELAVHGAEHGVEDFSVSQTMLEEVFLYFSKDQGKDEDTEEQKEAGVGVDPAPGLQHPKRVSQFLDDPSTAETVL","hNoPS","hNoPS"
"Q9HCN4","MAASAAAAELQASGGPRHPVCLLVLGMAGSGKTTFVQRLTGHLHAQGTPPYVINLDPAVHEVPFPANIDIRDTVKYKEVMKQYGLGPNGGIVTSLNLFATRFDQVMKFIEKAQNMSKYVLIDTPGQIEVFTWSASGTIITEALASSFPTVVIYVMDTSRSTNPVTFMSNMLYACSILYKTKLPFIVVMNKTDIIDHSFAVEWMQDFEAFQDALNQETTYVSNLTRSMSLVLDEFYSSLRVVGVSAVLGTGLDELFVQVTSAAEEYEREYRPEYERLKKSLANAESQQQREQLERLRKDMGSVALDAGTAKDSLSPVLHPSDLILTRGTLDEEDEEADSDTDDIDHRVTEESHEEPAFQNFMQESMAQYWKRNNK","hNoPS","hNoPS"
"Q86WU2","MARLLRSATWELFPWRGYCSQKAKGELCRDFVEALKAVVGGSHVSTAAVVREQHGRDESVHRCEPPDAVVWPQNVEQVSRLAALCYRQGVPIIPFGTGTGLEGGVCAVQGGVCVNLTHMDRILELNQEDFSVVVEPGVTRKALNAHLRDSGLWFPVDPGADASLCGMAATGASGTNAVRYGTMRDNVLNLEVVLPDGRLLHTAGRGRHFRFGFWPEIPHHTAWYSPCVSLGRRKSAAGYNLTGLFVGSEGTLGLITATTLRLHPAPEATVAATCAFPSVQAAVDSTVHILQAAVPVARIEFLDEVMMDACNRYSKLNCLVAPTLFLEFHGSQQALEEQLQRTEEIVQQNGASDFSWAKEAEERSRLWTARHNAWYAALATRPGCKGYSTDVCVPISRLPEIVVQTKEDLNASGLTGSIVGHVGDGNFHCILLVNPDDAEELGRVKAFAEQLGRRALALHGTCTGEHGIGMGKRQLLQEEVGAVGVETMRQLKAVLDPQGLMNPGKVL","hNoPS","hNoPS"
"Q4G0G2","MGWEQETQKSRPWNQVEGRQPGHDPEQDTCSTSPFAMSKSSLRPPKKLMPCASCTAAEPDGFPWLCYSHSWKCCLTESSGHPGRMDVVYPLLYRWGN","hNoPS","hNoPS"
"Q02383","MKSIILFVLSLLLILEKQAAVMGQKGGSKGQLPSGSSQFPHGQKGQHYFGQKDQQHTKSKGSFSIQHTYHVDINDHDWTRKSQQYDLNALHKATKSKQHLGGSQQLLNYKQEGRDHDKSKGHFHMIVIHHKGGQAHHGTQNPSQDQGNSPSGKGLSSQCSNTEKRLWVHGLSKEQASASGAQKGRTQGGSQSSYVLQTEELVVNKQQRETKNSHQNKGHYQNVVDVREEHSSKLQTSLHPAHQDRLQHGPKDIFTTQDELLVYNKNQHQTKNLSQDQEHGRKAHKISYPSSRTEERQLHHGEKSVQKDVSKGSISIQTEEKIHGKSQNQVTIHSQDQEHGHKENKISYQSSSTEERHLNCGEKGIQKGVSKGSISIQTEEQIHGKSQNQVRIPSQAQEYGHKENKISYQSSSTEERRLNSGEKDVQKGVSKGSISIQTEEKIHGKSQNQVTIPSQDQEHGHKENKMSYQSSSTEERRLNYGGKSTQKDVSQSSISFQIEKLVEGKSQIQTPNPNQDQWSGQNAKGKSGQSADSKQDLLSHEQKGRYKQESSESHNIVITEHEVAQDDHLTQQYNEDRNPIST","hNoPS","hNoPS"
"Q9NRX6","MTNVYSLDGILVFGLLFVCTCAYFKKVPRLKTWLLSEKKGVWGVFYKAAVIGTRLHAAVAIACVVMAFYVLFIK","hNoPS","hNoPS"
"Q8N7X0","MASKQTKKKEVHRINSAHGSDKSKDFYPFGSNVQSGSTEQKKGKFPLWPEWSEADINSEKWDAGKGAKEKDKTGKSPVFHFFEDPEGKIELPPSLKIYSWKRPQDILFSQTPVVVKNEITFDLFSANEHLLCSELMRWIISEIYAVWKIFNGGILSNYFKGTSGEPPLLPWKPWEHIYSLCKAVKGHMPLFNSYGKYVVKLYWMGCWRKITIDDFLPFDEDNNLLLPATTYEFELWPMLLSKAIIKLANIDIHVADRRELGEFTVIHALTGWLPEVISLHPGYMDKVWELLKEILPEFKLSDEASSESKIAVLDSKLKEPGKEGKEGKEIKDGKEVKDVKEFKPESSLTTLKAPEKSDKVPKEKADARDIGKKRSKDGEKEKFKFSLHGSRPSSEVQYSVQSLSDCSSAIQTSHMVVYATFTPLYLFENKIFSLEKMADSAEKLREYGLSHICSHPVLVTRSRSCPLVAPPKPPPLPPWKLIRQKKETVITDEAQELIVKKPERFLEISSPFLNYRMTPFTIPTEMHFVRSLIKKGIPPGSDLPSVSETDETATHSQTDLSQITKATSQGNTASQVILGKGTDEQTDFGLGDAHQSDGLNLEREIVSQTTATQEKSQEELPTTNNSVSKEIWLDFEDFCVCFQNIYIFHKPSSYCLNFQKSEFKFSEERVSYYLFVDSLKPIELLVCFSALVRWGEYGALTKDSPPIEPGLLTAETFSWKSLKPGSLVLKIHTYATKATVVRLPVGRHMLLFNAYSPVGHSIHICSMVSFVIGDEHVVLPNFEPESCRFTEQSLLIMKAIGNVIANFKDKGKLSAALKDLQTAHYPVPFHDKELTAQHFRVFHLSLWRLMKKVQITKPPPNFKFAFRAMVLDLELLNSSLEEVSLVEWLDVKYCMPTSDKEYSAEEVAAAIKIQAMWRGTYVRLLMKARIPDTKENISVADTLQKVWAVLEMNLEQYAVSLLRLMFKSKCKSLESYPCYQDEETKIAFADYTVTYQEQPPNSWFIVFRETFLVHQDMILVPKVYTTLPICILHIVNNDTMEQVPKVFQKVVPYLYTKNKKGYTFVAEAFTGDTYVAASRWKLRLIGSSAPLPCLSRDSPCNSFAIKEIRDYYIPNDKKILFRYSVKVLTPQPATIQVRTSKPDAFIKLQVLENEETMVSSTGKGQAIIPAFHFLKSEKGLSSQSSKHILSFHSASKKEQEVYVKKKAAQGIQKSPKGRAVSAIQDIGLPLVEEETTSTPTREDSSSTPLQNYKYIIQCSVLYNSWPLTESQLTFVQALKDLKKSNTKAYGERHEELINLGSPDSHTISEGQKSSVTSKTTRKGKEKSSEKEKTAKEKQAPRFEPQISTVHPQQEDPNKPYWILRLVTEHNESELFEVKKDTERADEIRAMKQAWETTEPGRAIKASQARLHYLSGFIKKTSDAESPPISESQTKPKEEVETAARGVKEPNSKNSAGSESKEMTQTGSGSAVWKKWQLTKGLRDVAKSTSSESGGVSSPGKEEREQSTRKENIQTGPRTRSPTILETSPRLIRKALEFMDLSQYVRKTDTDPLLQTDELNQQQAMQKAEEIHQFRQHRTRVLSIRNIDQEERLKLKDEVLDMYKEMQDSLDEARQKIFDIREEYRNKLLEAEHLKLETLAAQEAAMKLETEKMTPAPDTQKKKKGKKK","hNoPS","hNoPS"
"Q93070","MGPLINRCKKILLPTTVPPATMRIWLLGGLLPFLLLLSGLQRPTEGSEVAIKIDFDFAPGSFDDQYQGCSKQVMEKLTQGDYFTKDIEAQKNYFRMWQKAHLAWLNQGKVLPQNMTTTHAVAILFYTLNSNVHSDFTRAMASVARTPQQYERSFHFKYLHYYLTSAIQLLRKDSIMENGTLCYEVHYRTKDVHFNAYTGATIRFGQFLSTSLLKEEAQEFGNQTLFTIFTCLGAPVQYFSLKKEVLIPPYELFKVINMSYHPRGNWLQLRSTGNLSTYNCQLLKASSKKCIPDPIAIASLSFLTSVIIFSKSRV","hNoPS","hNoPS"
"Q8TBZ2","MVPGGTMKSLKKDSRLRITPTRLLEASENVKEKKRAKGPEQPTPTIQEEPEPVSNVLQGDDILALAIKKEDLKEQHIPRLTEKEDKRVITQKFIIRKLKPMDPRRKVCHLVARPANPDEATKPLDYSGPGDSFDGSDQILPHHILGSLQDFKRIALARGNTQLAERIPTSPCLMTLISAEGESKQKAPKEEKRPPWAPPPQHNFLKNWQRNTALRKKQQEALSEHLKKPVSELLMHTGETYRRIQEERELIDCTLPTRRDRKSWENSGFWSRLEYLGDEMTGLVMTKTKTQRGLMEPITHIRKPHSIRVETGLPAQRDASYRYTWDRSLFLIYRRKELQRIMEELDFSQQDIDGLEVVGKGWPFSAVTVEDYTVFERSQGSSSEDTAYLGTLASSSDVSMPILGPSLLFCGKPACWIRGSNPQDKRQVGIAAHLTFETLEGEKTSSELTVVNNGTVAIWYDWRRQHQPDTFQDLKKNRMQRFYFDNREGVILPGEIKTFTFFFKSLTAGVFREFWEFRTHPTLLGGAILQVNLHAVSLTQDVFEDERKVLESKLTAHEAVTVVREVLQELLMGVLTPERTPSPVDAYLTEEDLFRHRNPPLHYEHQVVQSLHQLWRQYMTLPAKAEEARPGDKEHVSPIATEKASVNAELLPRFRSPISETQVPRPENEALRESGSQKARVGTKSPQRKSIMEEILVEESPDVDSTKSPWEPDGLPLLEWNLCLEDFRKAVMVLPDENHREDALMRLNKAALELCQKPRPLQSNLLHQMCLQLWRDVIDSLVGHSMWLRSVLGLPEKETIYLNVPEEQDQKSPPIMEVKVPVGKAGKEERKGAAQEKKQLGIKDKEDKKGAKLLGKEDRPNSKKHKAKDDKKVIKSASQDRFSLEDPTPDIILSSQEPIDPLVMGKYTQSLHSEVRGLLDTLVTDLMVLADELSPIKNVEEALRLCR","hNoPS","hNoPS"
"K9M1U5","MRPSVWAAVAAGLWVLCTVIAAAPRRCLLSHYRSLEPRTLAAAKALRDRYEEEALSWGQRNCSFRPRRDPPRPSSCARLRHVARGIADAQAVLSGLHRSELLPGAGPILELLAAAGRDVAACLELARPGSSRKVPGAQKRRHKPRRADSPRCRKASVVFNLLRLLTWELRLAAHSGPCL","hNoPS","hNoPS"
"Q9H069","MNQPCNSMEPRVMDDDMLKLAVGDQGPQEEAGQLAKQEGILFKDVLSLQLDFRNILRIDNLWQFENLRKLQLDNNIIEKIEGLENLAHLVWLDLSFNNIETIEGLDTLVNLEDLSLFNNRISKIDSLDALVKLQVLSLGNNRIDNMMNIIYLRRFKCLRTLSLSRNPISEAEDYKMFICAYLPDLMYLDYRRIDDHTKKLAEAKHQYSIDELKHQENLMQAQLEDEQAQREELEKHKTAFVEHLNGSFLFDSMYAEDSEGNNLSYLPGVGELLETYKDKFVIICVNIFEYGLKQQEKRKTELDTFSECVREAIQENQEQGKRKIAKFEEKHLSSLSAIREELELPNIEKMILECSADISELFDALMTLEMQLVEQLEETINMFERNIVDMVGLFIENVQSLMAQCRDLENHHHEKLLEISISTLEKIVEGDLDEDLPNDLRALFVDKDTIVNAVGASHDIHLLKIDNREDELVTRINSWCTRLIDRIHKDEIMRNRKRVKEINQYIDHMQSELDNLECGDILD","hNoPS","hNoPS"
"Q9Y4D7","MAPRAAGGAPLSARAAAASPPPFQTPPRCPVPLLLLLLLGAARAGALEIQRRFPSPTPTNNFALDGAAGTVYLAAVNRLYQLSGANLSLEAEAAVGPVPDSPLCHAPQLPQASCEHPRRLTDNYNKILQLDPGQGLVVVCGSIYQGFCQLRRRGNISAVAVRFPPAAPPAEPVTVFPSMLNVAANHPNASTVGLVLPPAAGAGGSRLLVGATYTGYGSSFFPRNRSLEDHRFENTPEIAIRSLDTRGDLAKLFTFDLNPSDDNILKIKQGAKEQHKLGFVSAFLHPSDPPPGAQSYAYLALNSEARAGDKESQARSLLARICLPHGAGGDAKKLTESYIQLGLQCAGGAGRGDLYSRLVSVFPARERLFAVFERPQGSPAARAAPAALCAFRFADVRAAIRAARTACFVEPAPDVVAVLDSVVQGTGPACERKLNIQLQPEQLDCGAAHLQHPLSILQPLKATPVFRAPGLTSVAVASVNNYTAVFLGTVNGRLLKINLNESMQVVSRRVVTVAYGEPVHHVMQFDPADSGYLYLMTSHQMARVKVAACNVHSTCGDCVGAADAYCGWCALETRCTLQQDCTNSSQQHFWTSASEGPSRCPAMTVLPSEIDVRQEYPGMILQISGSLPSLSGMEMACDYGNNIRTVARVPGPAFGHQIAYCNLLPRDQFPPFPPNQDHVTVEMSVRVNGRNIVKANFTIYDCSRTAQVYPHTACTSCLSAQWPCFWCSQQHSCVSNQSRCEASPNPTSPQDCPRTLLSPLAPVPTGGSQNILVPLANTAFFQGAALECSFGLEEIFEAVWVNESVVRCDQVVLHTTRKSQVFPLSLQLKGRPARFLDSPEPMTVMVYNCAMGSPDCSQCLGREDLGHLCMWSDGCRLRGPLQPMAGTCPAPEIHAIEPLSGPLDGGTLLTIRGRNLGRRLSDVAHGVWIGGVACEPLPDRYTVSEEIVCVTGPAPGPLSGVVTVNASKEGKSRDRFSYVLPLVHSLEPTMGPKAGGTRITIHGNDLHVGSELQVLVNDTDPCTELMRTDTSIACTMPEGALPAPVPVCVRFERRGCVHGNLTFWYMQNPVITAISPRRSPVSGGRTITVAGERFHMVQNVSMAVHHIGREPTLCKVLNSTLITCPSPGALSNASAPVDFFINGRAYADEVAVAEELLDPEEAQRGSRFRLDYLPNPQFSTAKREKWIKHHPGEPLTLVIHKEQDSLGLQSHEYRVKIGQVSCDIQIVSDRIIHCSVNESLGAAVGQLPITIQVGNFNQTIATLQLGGSETAIIVSIVICSVLLLLSVVALFVFCTKSRRAERYWQKTLLQMEEMESQIREEIRKGFAELQTDMTDLTKELNRSQGIPFLEYKHFVTRTFFPKCSSLYEERYVLPSQTLNSQGSSQAQETHPLLGEWKIPESCRPNMEEGISLFSSLLNNKHFLIVFVHALEQQKDFAVRDRCSLASLLTIALHGKLEYYTSIMKELLVDLIDASAAKNPKLMLRRTESVVEKMLTNWMSICMYSCLRETVGEPFFLLLCAIKQQINKGSIDAITGKARYTLSEEWLLRENIEAKPRNLNVSFQGCGMDSLSVRAMDTDTLTQVKEKILEAFCKNVPYSQWPRAEDVDLEWFASSTQSYILRDLDDTSVVEDGRKKLNTLAHYKIPEGASLAMSLIDKKDNTLGRVKDLDTEKYFHLVLPTDELAEPKKSHRQSHRKKVLPEIYLTRLLSTKGTLQKFLDDLFKAILSIREDKPPLAVKYFFDFLEEQAEKRGISDPDTLHIWKTNSLPLRFWVNILKNPQFVFDIDKTDHIDACLSVIAQAFIDACSISDLQLGKDSPTNKLLYAKEIPEYRKIVQRYYKQIQDMTPLSEQEMNAHLAEESRKYQNEFNTNVAMAEIYKYAKRYRPQIMAALEANPTARRTQLQHKFEQVVALMEDNIYECYSEA","hNoPS","hNoPS"
"Q6ZRK6","MESNFNTESSSTFTLQSSSETLFSIQLLDFKTSLLEALEELRMRREAEIHYEEQIGKIIVETQELKWQKETLQNQKETLAEQHKEAMAVFKKQLQMKMCALEEEKGKYQLATEIKEKEIEGLKETLKALQVSKYSLQKKVSEMEQKVQLHLLAKEDYHKQLSEIEKYYATITGQFGLVKENHEKLEQNVREAIQSNKRLSALNKKQEAEICSLKKELKKAASDLIKSKVTCQYKMGEENINLTIKEQKFQELQERLNMELELNEKINEEITHIQEEKQDIIISFQHMQQLLRQQIQANTEMEAELKVLKENNQTLERDNELQREKVKENEEKFLNLQNEHEKALGTWKRHAEELNGEINKIKNELSSLKETHIKLQEHYNKLCNQKTFEEDKKFQNVPEVNNENSEMSTEKSENTIIQKYNTEQEIREENMENFCSDTEYREKEEKKEGSFIEEIIIDDLQLFEKSFKNEIDTVVSQDENQSEISLSKTLSLDKEVISQGQTSNVTDNRKSVTTEIKDKICLEKDNGCTEFKSPNNHFVVLDTAIETEKIHLERTRGLDVHHTDVNLEVENNKTSFNSILNETAHNTYHNNNKDVSENEPFKQFRLLPGTREHALEKEITNSDQTKADLDSSLDIKKNPVPCQKYSLRNSSNVMLDDKQCKIKQIQLLTKKSECSILLSKQTSDFLQVCNDTLEKSELTVPCDIVIDHHVSYAAFSANSKLLLKNSDKNVHSMSMLVKPNSSPGGKTMCKNMSDMQNSQFNNCLGYLENTNVNISHLHLNNENSHASQAKDVKTAVHMKTCTETEFSNKKNQIDENQVTEATKNDLFLFVSINERQHTLLNNTEKTESLNDIVSGKMFSEGQLEESHSFHIEPSGDLVNRSGRSTFDLSTSDKKTEKTPVYMNFSDPGPWSKVNHIESQTASSSTPCISLLLKERPLDPSENKKIISMALCKNIGVDDVGKDIGPDTTSINRVADTLNNWSIHPDPKGEPSEEKNAMAKTFYDSSFPTEHVKTKPLISTPLQSHLQAIKTTKNTSGDDDWQSLITNQLNKSENLLSLENDNQPKKRKAEETLEKNNRLK","hNoPS","hNoPS"
"P40238","MPSWALFMVTSCLLLAPQNLAQVSSQDVSLLASDSEPLKCFSRTFEDLTCFWDEEEAAPSGTYQLLYAYPREKPRACPLSSQSMPHFGTRYVCQFPDQEEVRLFFPLHLWVKNVFLNQTRTQRVLFVDSVGLPAPPSIIKAMGGSQPGELQISWEEPAPEISDFLRYELRYGPRDPKNSTGPTVIQLIATETCCPALQRPHSASALDQSPCAQPTMPWQDGPKQTSPSREASALTAEGGSCLISGLQPGNSYWLQLRSEPDGISLGGSWGSWSLPVTVDLPGDAVALGLQCFTLDLKNVTCQWQQQDHASSQGFFYHSRARCCPRDRYPIWENCEEEEKTNPGLQTPQFSRCHFKSRNDSIIHILVEVTTAPGTVHSYLGSPFWIHQAVRLPTPNLHWREISSGHLELEWQHPSSWAAQETCYQLRYTGEGHQDWKVLEPPLGARGGTLELRPRSRYRLQLRARLNGPTYQGPWSSWSDPTRVETATETAWISLVTALHLVLGLSAVLGLLLLRWQFPAHYRRLRHALWPSLPDLHRVLGQYLRDTAALSPPKATVSDTCEEVEPSLLEILPKSSERTPLPLCSSQAQMDYRRLQPSCLGTMPLSVCPPMAESGSCCTTHIANHSYLPLSYWQQP","hNoPS","hNoPS"
"Q14714","MGKNKQPRGQQRQGGPPAADAAGPDDMEPKKGTGAPKECGEEEPRTCCGCRFPLLLALLQLALGIAVTVVGFLMASISSSLLVRDTPFWAGIIVCLVAYLGLFMLCVSYQVDERTCIQFSMKLLYFLLSALGLTVCVLAVAFAAHHYSQLTQFTCETTLDSCQCKLPSSEPLSRTFVYRDVTDCTSVTGTFKLFLLIQMILNLVCGLVCLLACFVMWKHRYQVFYVGVRICSLTASEGPQQKI","hNoPS","hNoPS"
"Q63HM2","MSPDVPLLNDYKQDFFLKRFPQTVLGGPRFKLGYCAPPYIYVNQIILFLMPWVWGGVGTLLYQLGILKDYYTAALSGGLMLFTAFVIQFTSLYAKNKSTTVERILTTDILAEEDEHEFTSCTGAETVKFLIPGKKYVANTVFHSILAGLACGLGTWYLLPNRITLLYGSTGGTALLFFFGWMTLCIAEYSLIVNTATETATFQTQDTYEIIPLMRPLYIFFFVSVDLAHRFVVNMPALEHMNQILHILFVFLPFLWALGTLPPPDALLLWAMEQVLEFGLGGSSMSTHLRLLVMFIMSAGTAIASYFIPSTVGVVLFMTGFGFLLSLNLSDMGHKIGTKSKDLPSGPEKHFSWKECLFYIIILVLALLETSLLHHFAGFSQISKSNSQAIVGYGLMILLIILWILREIQSVYIIGIFRNPFYPKDVQTVTVFFEKQTRLMKIGIVRRILLTLVSPFAMIAFLSLDSSLQGLHSVSVCIGFTRAFRMVWQNTENALLETVIVSTVHLISSTDIWWNRSLDTGLRLLLVGIIRDRLIQFISKLQFAVTVLLTSWTEKKQRRKTTATLCILNIVFSPFVLVIIVFSTLLSSPLLPLFTLPVFLVGFPRPIQSWPGAAGTTACVCADTVYYYQMVPRLTAVLQTAMAAGSLGLLLPGSHYLGRFQDRLMWIMILECGYTYCSINIKGLELQETSCHTAEARRVDEVFEDAFEQEYTRVCSLNEHFGNVLTPCTVLPVKLYSDARNVLSGIIDSHENLKEFKGDLIKVLVWILVQYCSKRPGMKENVHNTENKGKAPLMLPALNTLPPPKSPEDIDSLNSETFNDWSDDNIFDDEPTIKKVIEEKHQLKDLPGTNLFIPGSVESQRVGDHSTGTVPENDLYKAVLLGYPAVDKGKQEDMPYIPLMEFSCSHSHLVCLPAEWRTSCMPSSKMKEMSSLFPEDWYQFVLRQLECYHSEEKASNVLEEIAKDKVLKDFYVHTVMTCYFSLFGIDNMAPSPGHILRVYGGVLPWSVALDWLTEKPELFQLALKAFRYTLKLMIDKASLGPIEDFRELIKYLEEYERDWYIGLVSDEKWKEAILQEKPYLFSLGYDSNMGIYTGRVLSLQELLIQVGKLNPEAVRGQWANLSWELLYATNDDEERYSIQAHPLLLRNLTVQAAEPPLGYPIYSSKPLHIHLY","hNoPS","hNoPS"
"Q9Y232","MTFQASHRSAWGKSRKKNWQYEGPTQKLFLKRNNVSAPDGPSDPSISVSSEQSGAQQPPALQVERIVDKRKNKKGKTEYLVRWKGYDSEDDTWEPEQHLVNCEEYIHDFNRRHTEKQKESTLTRTNRTSPNNARKQISRSTNSNFSKTSPKALVIGKDHESKNSQLFAASQKFRKNTAPSLSSRKNMDLAKSGIKILVPKSPVKSRTAVDGFQSESPEKLDPVEQGQEDTVAPEVAAEKPVGALLGPGAERARMGSRPRIHPLVPQVPGPVTAAMATGLAVNGKGTSPFMDALTANGTTNIQTSVTGVTASKRKFIDDRRDQPFDKRLRFSVRQTESAYRYRDIVVRKQDGFTHILLSTKSSENNSLNPEVMREVQSALSTAAADDSKLVLLSAVGSVFCCGLDFIYFIRRLTDDRKRESTKMAEAIRNFVNTFIQFKKPIIVAVNGPAIGLGASILPLCDVVWANEKAWFQTPYTTFGQSPDGCSTVMFPKIMGGASANEMLLSGRKLTAQEACGKGLVSQVFWPGTFTQEVMVRIKELASCNPVVLEESKALVRCNMKMELEQANERECEVLKKIWGSAQGMDSMLKYLQRKIDEF","hNoPS","hNoPS"
"P98153","MVPKADSGAFLLLFLLVLTVTEPLRPELRCNPGQFACRSGTIQCIPLPWQCDGWATCEDESDEANCPEVTGEVRPHHGKEAVDPRQGRARGGDPSHFHAVNVAQPVRFSSFLGKCPTGWHHYEGTASCYRVYLSGENYWDAAQTCQRLNGSLATFSTDQELRFVLAQEWDQPERSFGWKDQRKLWVGYQYVITGRNRSLEGRWEVAFKGSSEVFLPPDPIFASAMSENDNVFCAQLQCFHFPTLRHHDLHSWHAESCYEKSSFLCKRSQTCVDIKDNVVDEGFYFTPKGDDPCLSCTCHGGEPEMCVAALCERPQGCQQYRKDPKECCKFMCLDPDGNSLFDSMASGMRLVVSCISSFLILSLLLFMVHRLRQRRRERIESLIGANLHHFNLGRRIPGFDYGPDGFGTGLTPLHLSDDGEGGTFHFHDPPPPYTAYKYPDIGQPDDPPPPYEASIHPDSVFYDPADDDAFEPVEVSLPAPGDGGSEGALLRRLEQPLPTAGASLADLEDSADSSSALLVPPDPAQSGSTPAAEALPGGGRHSRSSLNTVV","hNoPS","hNoPS"
"P12272","MQRRLVQQWSVAVFLLSYAVPSCGRSVEGLSRRLKRAVSEHQLLHDKGKSIQDLRRRFFLHHLIAEIHTAEIRATSEVSPNSKPSPNTKNHPVRFGSDDEGRYLTQETNKVETYKEQPLKTPGKKKKGKPGKRKEQEKKKRRTRSAWLDSGVTGSGLEGDHLSDTSTTSLELDSRRH","hNoPS","hNoPS"
"Q9NQR4","MTSFRLALIQLQISSIKSDNVTRACSFIREAATQGAKIVSLPECFNSPYGAKYFPEYAEKIPGESTQKLSEVAKECSIYLIGGSIPEEDAGKLYNTCAVFGPDGTLLAKYRKIHLFDIDVPGKITFQESKTLSPGDSFSTFDTPYCRVGLGICYDMRFAELAQIYAQRGCQLLVYPGAFNLTTGPAHWELLQRSRAVDNQVYVATASPARDDKASYVAWGHSTVVNPWGEVLAKAGTEEAIVYSDIDLKKLAEIRQQIPVFRQKRSDLYAVEMKKP","hNoPS","hNoPS"
"P32298","MELENIVANSLLLKARQGGYGKKSGRSKKWKEILTLPPVSQCSELRHSIEKDYSSLCDKQPIGRRLFRQFCDTKPTLKRHIEFLDAVAEYEVADDEDRSDCGLSILDRFFNDKLAAPLPEIPPDVVTECRLGLKEENPSKKAFEECTRVAHNYLRGEPFEEYQESSYFSQFLQWKWLERQPVTKNTFRHYRVLGKGGFGEVCACQVRATGKMYACKKLQKKRIKKRKGEAMALNEKRILEKVQSRFVVSLAYAYETKDALCLVLTIMNGGDLKFHIYNLGNPGFDEQRAVFYAAELCCGLEDLQRERIVYRDLKPENILLDDRGHIRISDLGLATEIPEGQRVRGRVGTVGYMAPEVVNNEKYTFSPDWWGLGCLIYEMIQGHSPFKKYKEKVKWEEVDQRIKNDTEEYSEKFSEDAKSICRMLLTKNPSKRLGCRGEGAAGVKQHPVFKDINFRRLEANMLEPPFCPDPHAVYCKDVLDIEQFSVVKGIYLDTADEDFYARFATGCVSIPWQNEMIESGCFKDINKSESEEALPLDLDKNIHTPVSRPNRGFFYRLFRRGGCLTMVPSEKEVEPKQC","hNoPS","hNoPS"
"Q06203","MELEELGIREECGVFGCIASGEWPTQLDVPHVITLGLVGLQHRGQESAGIVTSDGSSVPTFKSHKGMGLVNHVFTEDNLKKLYVSNLGIGHTRYATTGKCELENCQPFVVETLHGKIAVAHNGELVNAARLRKKLLRHGIGLSTSSDSEMITQLLAYTPPQEQDDTPDWVARIKNLMKEAPTAYSLLIMHRDVIYAVRDPYGNRPLCIGRLIPVSDINDKEKKTSETEGWVVSSESCSFLSIGARYYREVLPGEIVEISRHNVQTLDIISRSEGNPVAFCIFEYVYFARPDSMFEDQMVYTVRYRCGQQLAIEAPVDADLVSTVPESATPAALAYAGKCGLPYVEVLCKNRYVGRTFIQPNMRLRQLGVAKKFGVLSDNFKGKRIVLVDDSIVRGNTISPIIKLLKESGAKEVHIRVASPPIKYPCFMGINIPTKEELIANKPEFDHLAEYLGANSVVYLSVEGLVSSVQEGIKFKKQKEKKHDIMIQENGNGLECFEKSGHCTACLTGKYPVELEW","hNoPS","hNoPS"
